Date,Minimum,Maximum,Average
6/16/2013,26,32,29
6/17/2013,20,25,22.5
6/18/2013,22,26,24
6/19/2013,24,28,26
6/20/2013,22,26,24
6/21/2013,15,20,17.5
6/25/2013,25,30,27.5
6/26/2013,20,25,22.5
6/27/2013,18,24,21
6/28/2013,24,28,26
6/30/2013,18,22,20
7/1/2013,15,20,17.5
7/2/2013,15,20,17.5
7/3/2013,14,18,16
7/4/2013,14,18,16
7/5/2013,18,24,21
7/9/2013,20,25,22.5
7/10/2013,30,35,32.5
7/11/2013,32,38,35
7/12/2013,44,48,46
7/14/2013,50,55,52.5
7/15/2013,50,55,52.5
7/16/2013,48,52,50
7/17/2013,46,52,49
7/18/2013,40,45,42.5
7/19/2013,36,40,38
7/21/2013,28,32,30
7/22/2013,28,32,30
7/23/2013,30,35,32.5
7/24/2013,32,36,34
7/25/2013,40,45,42.5
7/26/2013,40,45,42.5
7/28/2013,40,45,42.5
7/29/2013,42,46,44
7/30/2013,38,42,40
7/31/2013,35,40,37.5
8/1/2013,34,38,36
8/2/2013,25,35,30
8/4/2013,25,30,27.5
8/5/2013,25,30,27.5
8/6/2013,28,34,31
8/7/2013,25,30,27.5
8/8/2013,20,25,22.5
8/12/2013,24,28,26
8/13/2013,25,30,27.5
8/14/2013,25,30,27.5
8/15/2013,25,32,28.5
8/16/2013,35,40,37.5
8/18/2013,30,35,32.5
8/19/2013,35,40,37.5
8/20/2013,38,42,40
8/23/2013,40,44,42
8/25/2013,30,35,32.5
8/26/2013,28,32,30
8/27/2013,28,32,30
8/29/2013,34,38,36
8/30/2013,30,35,32.5
9/1/2013,30,35,32.5
9/2/2013,35,40,37.5
9/3/2013,40,45,42.5
9/4/2013,40,45,42.5
9/5/2013,45,50,47.5
9/6/2013,50,55,52.5
9/8/2013,50,56,53
9/9/2013,55,60,57.5
9/10/2013,44,50,47
9/11/2013,38,42,40
9/12/2013,36,42,39
9/13/2013,35,40,37.5
9/15/2013,35,40,37.5
9/16/2013,32,38,35
9/17/2013,35,40,37.5
9/19/2013,35,40,37.5
9/20/2013,35,40,37.5
9/22/2013,30,35,32.5
9/23/2013,30,35,32.5
9/24/2013,30,35,32.5
9/25/2013,30,31,30.5
9/26/2013,30,35,32.5
9/27/2013,35,40,37.5
9/29/2013,35,40,37.5
9/30/2013,38,42,40
10/1/2013,38,42,40
10/2/2013,40,45,42.5
10/3/2013,40,45,42.5
10/4/2013,40,45,42.5
10/6/2013,65,75,70
10/7/2013,60,70,65
10/8/2013,55,60,57.5
10/9/2013,75,80,77.5
10/10/2013,75,80,77.5
10/11/2013,75,80,77.5
10/12/2013,60,70,65
10/13/2013,65,75,70
10/14/2013,65,75,70
10/15/2013,65,70,67.5
10/16/2013,55,65,60
10/17/2013,40,50,45
10/20/2013,30,35,32.5
10/21/2013,35,40,37.5
10/22/2013,30,35,32.5
10/23/2013,30,35,32.5
10/24/2013,35,40,37.5
10/25/2013,35,45,40
10/27/2013,45,50,47.5
10/28/2013,45,50,47.5
10/29/2013,45,55,50
10/30/2013,45,50,47.5
10/31/2013,45,50,47.5
11/1/2013,40,50,45
11/4/2013,50,55,52.5
11/5/2013,55,64,59.5
11/6/2013,60,70,65
11/7/2013,70,80,75
11/10/2013,50,60,55
11/11/2013,50,60,55
11/12/2013,70,80,75
11/13/2013,65,75,70
11/14/2013,56,65,60.5
11/15/2013,54,60,57
11/16/2013,60,70,65
11/17/2013,70,75,72.5
11/18/2013,60,70,65
11/20/2013,60,70,65
11/21/2013,55,65,60
11/22/2013,55,60,57.5
11/24/2013,50,60,55
11/25/2013,58,62,60
11/26/2013,60,70,65
11/27/2013,60,70,65
11/28/2013,55,60,57.5
11/29/2013,45,55,50
12/1/2013,45,50,47.5
12/2/2013,45,50,47.5
12/3/2013,40,50,45
12/4/2013,40,45,42.5
12/5/2013,25,30,27.5
12/6/2013,25,30,27.5
12/8/2013,25,30,27.5
12/9/2013,25,30,27.5
12/10/2013,30,35,32.5
12/11/2013,28,32,30
12/12/2013,25,30,27.5
12/13/2013,25,30,27.5
12/15/2013,22,28,25
12/16/2013,24,28,26
12/18/2013,22,28,25
12/19/2013,22,28,25
12/20/2013,22,26,24
12/22/2013,22,28,25
12/23/2013,25,30,27.5
12/24/2013,26,32,29
12/26/2013,32,38,35
12/27/2013,32,38,35
12/29/2013,32,36,34
12/31/2013,30,35,32.5
1/1/2014,30,35,32.5
1/2/2014,30,35,32.5
1/3/2014,30,35,32.5
1/5/2014,30,35,32.5
1/6/2014,30,35,32.5
1/7/2014,26,32,29
1/8/2014,30,35,32.5
1/9/2014,30,35,32.5
1/10/2014,30,35,32.5
1/12/2014,30,35,32.5
1/13/2014,30,35,32.5
1/14/2014,30,35,32.5
1/16/2014,32,36,34
1/17/2014,28,34,31
1/19/2014,24,28,26
1/20/2014,20,25,22.5
1/21/2014,18,25,21.5
1/22/2014,15,20,17.5
1/23/2014,16,22,19
1/24/2014,18,25,21.5
1/26/2014,18,20,19
1/27/2014,18,22,20
1/28/2014,18,24,21
1/29/2014,20,25,22.5
2/2/2014,20,25,22.5
2/3/2014,30,35,32.5
2/4/2014,30,35,32.5
2/5/2014,30,35,32.5
2/6/2014,28,34,31
2/7/2014,30,35,32.5
2/8/2014,32,36,34
2/9/2014,30,35,32.5
2/10/2014,25,30,27.5
2/11/2014,25,30,27.5
2/12/2014,25,30,27.5
2/13/2014,24,28,26
2/14/2014,25,30,27.5
2/16/2014,25,32,28.5
2/17/2014,28,32,30
2/18/2014,30,35,32.5
2/20/2014,34,38,36
2/21/2014,28,35,31.5
2/23/2014,25,30,27.5
2/24/2014,32,36,34
2/25/2014,30,35,32.5
2/26/2014,28,34,31
2/28/2014,32,38,35
3/3/2014,50,60,55
3/5/2014,45,52,48.5
3/6/2014,45,50,47.5
3/7/2014,45,50,47.5
3/9/2014,45,50,47.5
3/10/2014,40,45,42.5
3/11/2014,45,50,47.5
3/12/2014,45,50,47.5
3/13/2014,52,58,55
3/14/2014,52,58,55
3/17/2014,50,55,52.5
3/18/2014,30,36,33
3/19/2014,35,40,37.5
3/20/2014,40,45,42.5
3/21/2014,35,40,37.5
3/23/2014,25,30,27.5
3/24/2014,30,35,32.5
3/25/2014,35,40,37.5
3/26/2014,42,48,45
3/27/2014,40,45,42.5
3/28/2014,40,45,42.5
3/31/2014,35,45,40
4/1/2014,34,40,37
4/2/2014,36,45,40.5
4/3/2014,38,45,41.5
4/4/2014,38,45,41.5
4/6/2014,40,46,43
4/7/2014,40,45,42.5
4/9/2014,38,42,40
4/10/2014,30,40,35
4/11/2014,40,45,42.5
4/13/2014,45,50,47.5
4/15/2014,40,45,42.5
4/16/2014,38,42,40
4/17/2014,35,40,37.5
4/18/2014,34,36,35
4/20/2014,35,40,37.5
4/21/2014,30,35,32.5
4/22/2014,35,40,37.5
4/23/2014,32,36,34
4/25/2014,30,35,32.5
4/27/2014,32,36,34
4/28/2014,32,36,34
4/29/2014,28,32,30
4/30/2014,30,35,32.5
5/2/2014,28,32,30
5/4/2014,25,30,27.5
5/5/2014,18,24,21
5/6/2014,15,20,17.5
5/7/2014,12,15,13.5
5/8/2014,14,18,16
5/9/2014,15,20,17.5
5/11/2014,15,20,17.5
5/12/2014,24,28,26
5/13/2014,24,28,26
5/15/2014,20,25,22.5
5/16/2014,30,35,32.5
5/18/2014,25,30,27.5
5/19/2014,22,26,24
5/20/2014,20,25,22.5
5/21/2014,15,20,17.5
5/22/2014,14,18,16
5/23/2014,15,20,17.5
5/25/2014,16,22,19
5/26/2014,20,25,22.5
5/27/2014,20,25,22.5
5/28/2014,24,28,26
5/30/2014,20,25,22.5
6/1/2014,25,30,27.5
6/2/2014,28,32,30
6/3/2014,30,35,32.5
6/4/2014,35,40,37.5
6/5/2014,44,48,46
6/6/2014,40,45,42.5
6/8/2014,40,45,42.5
6/9/2014,35,40,37.5
6/10/2014,30,36,33
6/11/2014,26,32,29
6/12/2014,24,30,27
6/13/2014,25,30,27.5
6/15/2014,22,26,24
6/16/2014,18,22,20
6/17/2014,18,22,20
6/18/2014,15,20,17.5
6/19/2014,14,18,16
6/20/2014,14,20,17
6/23/2014,18,20,19
6/24/2014,14,18,16
6/25/2014,18,22,20
6/26/2014,18,24,21
6/27/2014,22,28,25
6/29/2014,20,25,22.5
6/30/2014,16,20,18
7/1/2014,16,20,18
7/2/2014,14,18,16
7/3/2014,15,20,17.5
7/4/2014,14,18,16
7/5/2014,14,18,16
7/6/2014,14,16,15
7/7/2014,14,18,16
7/8/2014,12,16,14
7/9/2014,12,16,14
7/10/2014,12,16,14
7/11/2014,12,16,14
7/12/2014,10,14,12
7/13/2014,12,18,15
7/14/2014,10,15,12.5
7/15/2014,10,15,12.5
7/16/2014,10,15,12.5
7/17/2014,12,15,13.5
7/18/2014,15,20,17.5
7/19/2014,15,20,17.5
7/20/2014,18,20,19
7/21/2014,15,20,17.5
7/22/2014,15,20,17.5
7/23/2014,15,20,17.5
7/24/2014,25,28,26.5
7/25/2014,28,30,29
7/26/2014,35,40,37.5
7/27/2014,35,40,37.5
7/28/2014,34,38,36
7/29/2014,32,36,34
7/30/2014,30,35,32.5
7/31/2014,34,36,35
8/1/2014,32,36,34
8/2/2014,32,36,34
8/3/2014,30,34,32
8/4/2014,28,34,31
8/5/2014,28,32,30
8/6/2014,28,32,30
8/7/2014,30,34,32
8/8/2014,24,28,26
8/9/2014,24,28,26
8/10/2014,22,26,24
8/11/2014,26,30,28
8/12/2014,24,28,26
8/13/2014,25,28,26.5
8/14/2014,25,28,26.5
8/15/2014,28,32,30
8/16/2014,32,36,34
8/17/2014,30,34,32
8/18/2014,34,38,36
8/19/2014,35,40,37.5
8/20/2014,42,46,44
8/21/2014,50,55,52.5
8/22/2014,50,55,52.5
8/23/2014,44,48,46
8/24/2014,50,55,52.5
8/25/2014,52,56,54
8/26/2014,60,65,62.5
8/27/2014,58,64,61
8/28/2014,52,56,54
8/29/2014,54,58,56
8/31/2014,40,55,47.5
9/1/2014,38,44,41
9/2/2014,38,42,40
9/3/2014,36,42,39
9/4/2014,35,40,37.5
9/5/2014,28,35,31.5
9/6/2014,28,34,31
9/7/2014,22,30,26
9/8/2014,25,30,27.5
9/9/2014,22,28,25
9/10/2014,22,26,24
9/11/2014,25,30,27.5
9/12/2014,28,32,30
9/13/2014,25,28,26.5
9/14/2014,30,35,32.5
9/15/2014,46,52,49
9/16/2014,46,52,49
9/17/2014,45,50,47.5
9/18/2014,46,52,49
9/19/2014,50,60,55
9/20/2014,55,65,60
9/21/2014,60,75,67.5
9/22/2014,55,60,57.5
9/23/2014,50,55,52.5
9/24/2014,50,60,55
9/26/2014,42,48,45
9/28/2014,44,49,46.5
9/29/2014,50,55,52.5
9/30/2014,55,65,60
10/8/2014,30,35,32.5
10/9/2014,28,35,31.5
10/10/2014,30,36,33
10/12/2014,32,36,34
10/13/2014,35,40,37.5
10/14/2014,48,55,51.5
10/15/2014,60,65,62.5
10/16/2014,55,65,60
10/17/2014,55,65,60
10/19/2014,45,50,47.5
10/20/2014,45,50,47.5
10/21/2014,50,55,52.5
10/22/2014,55,60,57.5
10/23/2014,50,58,54
10/24/2014,42,58,50
10/25/2014,36,58,47
10/26/2014,25,30,27.5
10/27/2014,30,35,32.5
10/28/2014,35,40,37.5
10/29/2014,25,30,27.5
10/30/2014,24,28,26
10/31/2014,28,34,31
11/1/2014,28,32,30
11/2/2014,26,30,28
11/3/2014,28,32,30
11/4/2014,30,36,33
11/5/2014,30,35,32.5
11/6/2014,28,34,31
11/7/2014,30,35,32.5
11/8/2014,30,35,32.5
11/9/2014,28,34,31
11/10/2014,22,28,25
11/11/2014,24,28,26
11/12/2014,18,24,21
11/13/2014,18,22,20
11/14/2014,18,22,20
11/15/2014,18,22,20
11/16/2014,18,22,20
11/17/2014,16,20,18
11/18/2014,15,20,17.5
11/19/2014,18,20,19
11/20/2014,15,20,17.5
11/21/2014,16,20,18
11/22/2014,20,24,22
11/23/2014,20,26,23
11/24/2014,18,25,21.5
11/25/2014,20,25,22.5
11/26/2014,25,30,27.5
11/27/2014,28,35,31.5
11/28/2014,28,32,30
11/29/2014,28,32,30
11/30/2014,28,35,31.5
12/1/2014,22,28,25
12/2/2014,25,30,27.5
12/3/2014,25,30,27.5
12/4/2014,28,30,29
12/5/2014,28,32,30
12/6/2014,30,34,32
12/7/2014,30,34,32
12/8/2014,30,35,32.5
12/9/2014,32,35,33.5
12/10/2014,30,34,32
12/11/2014,25,30,27.5
12/12/2014,22,26,24
12/13/2014,18,22,20
12/14/2014,17,22,19.5
12/15/2014,22,28,25
12/16/2014,24,30,27
12/17/2014,32,36,34
12/18/2014,34,40,37
12/19/2014,30,35,32.5
12/21/2014,25,30,27.5
12/22/2014,25,35,30
12/23/2014,40,45,42.5
12/24/2014,35,45,40
12/25/2014,35,45,40
12/26/2014,38,44,41
12/27/2014,40,45,42.5
12/28/2014,35,40,37.5
12/29/2014,40,45,42.5
12/30/2014,40,45,42.5
12/31/2014,34,38,36
1/1/2015,32,36,34
1/2/2015,35,40,37.5
1/3/2015,40,45,42.5
1/4/2015,30,36,33
1/5/2015,30,40,35
1/6/2015,30,36,33
1/7/2015,25,30,27.5
1/8/2015,25,30,27.5
1/9/2015,16,22,19
1/11/2015,20,25,22.5
1/12/2015,18,22,20
1/13/2015,20,25,22.5
1/14/2015,20,25,22.5
1/15/2015,25,30,27.5
1/16/2015,28,32,30
1/17/2015,25,30,27.5
1/18/2015,26,30,28
1/19/2015,25,30,27.5
1/20/2015,25,30,27.5
1/21/2015,25,30,27.5
1/22/2015,25,30,27.5
1/23/2015,25,30,27.5
1/25/2015,22,24,23
1/26/2015,22,28,25
1/27/2015,20,22,21
1/28/2015,16,20,18
1/29/2015,15,20,17.5
1/31/2015,15,20,17.5
2/1/2015,14,18,16
2/2/2015,15,20,17.5
2/3/2015,18,22,20
2/4/2015,14,18,16
2/5/2015,14,18,16
2/6/2015,14,18,16
2/7/2015,16,20,18
2/8/2015,16,20,18
2/9/2015,15,20,17.5
2/10/2015,16,20,18
2/11/2015,15,20,17.5
2/12/2015,15,18,16.5
2/13/2015,16,20,18
2/14/2015,15,18,16.5
2/15/2015,15,18,16.5
2/16/2015,15,20,17.5
2/18/2015,12,16,14
2/19/2015,12,18,15
2/20/2015,12,16,14
2/22/2015,14,18,16
2/23/2015,14,18,16
2/24/2015,12,16,14
2/25/2015,14,18,16
2/26/2015,12,16,14
2/27/2015,12,18,15
3/1/2015,16,20,18
3/2/2015,16,20,18
3/3/2015,18,22,20
3/6/2015,18,24,21
3/9/2015,16,20,18
3/10/2015,16,20,18
3/11/2015,38,40,39
3/12/2015,30,36,33
3/13/2015,30,36,33
3/14/2015,30,35,32.5
3/15/2015,30,35,32.5
3/16/2015,40,44,42
3/17/2015,40,45,42.5
3/18/2015,40,45,42.5
3/19/2015,50,60,55
3/20/2015,50,60,55
3/21/2015,50,60,55
3/22/2015,50,60,55
3/23/2015,50,55,52.5
3/24/2015,50,55,52.5
3/25/2015,45,50,47.5
3/26/2015,40,50,45
3/27/2015,50,60,55
3/28/2015,50,55,52.5
3/29/2015,50,52,51
3/30/2015,50,55,52.5
3/31/2015,35,40,37.5
4/1/2015,28,30,29
4/2/2015,34,36,35
4/3/2015,30,35,32.5
4/4/2015,30,35,32.5
4/5/2015,30,35,32.5
4/6/2015,28,32,30
4/7/2015,25,30,27.5
4/8/2015,30,35,32.5
4/10/2015,40,45,42.5
4/12/2015,35,40,37.5
4/13/2015,32,35,33.5
4/14/2015,35,40,37.5
4/15/2015,30,35,32.5
4/16/2015,30,35,32.5
4/17/2015,30,35,32.5
4/18/2015,30,35,32.5
4/19/2015,30,35,32.5
4/20/2015,20,25,22.5
4/21/2015,30,35,32.5
4/22/2015,25,30,27.5
4/23/2015,30,35,32.5
4/24/2015,50,55,52.5
4/25/2015,50,60,55
4/26/2015,35,40,37.5
4/27/2015,35,35,35
4/28/2015,50,55,52.5
4/29/2015,55,60,57.5
4/30/2015,30,35,32.5
5/1/2015,30,35,32.5
5/2/2015,25,30,27.5
5/3/2015,12,15,13.5
5/4/2015,30,35,32.5
5/5/2015,45,50,47.5
5/6/2015,60,65,62.5
5/7/2015,55,60,57.5
5/8/2015,50,60,55
5/10/2015,50,55,52.5
5/11/2015,50,52,51
5/12/2015,40,45,42.5
5/13/2015,35,40,37.5
5/14/2015,35,40,37.5
5/15/2015,30,40,35
5/16/2015,30,36,33
5/17/2015,30,35,32.5
5/18/2015,30,35,32.5
5/19/2015,30,35,32.5
5/20/2015,35,40,37.5
5/21/2015,35,40,37.5
5/22/2015,60,65,62.5
5/23/2015,65,75,70
5/24/2015,70,75,72.5
5/25/2015,70,75,72.5
5/26/2015,70,75,72.5
5/27/2015,70,75,72.5
5/28/2015,70,75,72.5
5/29/2015,70,75,72.5
5/30/2015,70,80,75
5/31/2015,60,65,62.5
6/1/2015,50,55,52.5
6/2/2015,50,55,52.5
6/3/2015,55,60,57.5
6/4/2015,55,60,57.5
6/5/2015,55,60,57.5
6/6/2015,55,70,62.5
6/7/2015,40,45,42.5
6/8/2015,45,50,47.5
6/9/2015,45,50,47.5
6/10/2015,40,45,42.5
6/11/2015,50,55,52.5
6/12/2015,45,50,47.5
6/13/2015,45,55,50
6/14/2015,50,55,52.5
6/15/2015,38,43,40.5
6/16/2015,30,36,33
6/17/2015,38,40,39
6/18/2015,35,40,37.5
6/19/2015,35,40,37.5
6/20/2015,30,40,35
6/21/2015,35,40,37.5
6/22/2015,30,35,32.5
6/23/2015,34,38,36
6/24/2015,40,45,42.5
6/25/2015,35,43,39
6/26/2015,35,40,37.5
6/27/2015,30,50,40
6/28/2015,40,45,42.5
6/29/2015,40,50,45
6/30/2015,40,50,45
7/1/2015,40,50,45
7/2/2015,40,50,45
7/3/2015,35,40,37.5
7/4/2015,30,42,36
7/5/2015,40,50,45
7/6/2015,40,50,45
7/7/2015,50,60,55
7/8/2015,50,60,55
7/9/2015,50,60,55
7/10/2015,50,60,55
7/11/2015,50,60,55
7/12/2015,60,70,65
7/13/2015,60,70,65
7/14/2015,60,70,65
7/15/2015,50,60,55
7/16/2015,50,60,55
7/17/2015,50,60,55
7/18/2015,50,60,55
7/19/2015,50,60,55
7/20/2015,50,60,55
7/21/2015,60,70,65
7/22/2015,50,60,55
7/23/2015,50,60,55
7/24/2015,50,60,55
7/25/2015,40,50,45
7/26/2015,40,50,45
7/27/2015,40,50,45
7/28/2015,40,50,45
7/29/2015,45,55,50
7/30/2015,45,55,50
7/31/2015,45,55,50
8/1/2015,45,54,49.5
8/2/2015,50,60,55
8/3/2015,50,60,55
8/4/2015,50,60,55
8/5/2015,50,60,55
8/6/2015,60,70,65
8/7/2015,60,68,64
8/8/2015,68,80,74
8/9/2015,70,80,75
8/10/2015,70,75,72.5
8/11/2015,60,70,65
8/12/2015,60,70,65
8/13/2015,50,60,55
8/14/2015,45,55,50
8/15/2015,44,50,47
8/16/2015,40,50,45
8/17/2015,40,50,45
8/18/2015,40,50,45
8/19/2015,35,45,40
8/20/2015,35,40,37.5
8/21/2015,35,40,37.5
8/22/2015,30,40,35
8/23/2015,35,40,37.5
8/24/2015,35,40,37.5
8/25/2015,40,50,45
8/26/2015,40,50,45
8/27/2015,50,60,55
8/28/2015,55,60,57.5
8/29/2015,50,55,52.5
8/30/2015,45,50,47.5
8/31/2015,40,45,42.5
9/1/2015,35,40,37.5
9/2/2015,30,40,35
9/3/2015,30,40,35
9/4/2015,30,35,32.5
9/5/2015,28,30,29
9/6/2015,30,35,32.5
9/7/2015,28,35,31.5
9/8/2015,28,35,31.5
9/9/2015,25,30,27.5
9/10/2015,25,30,27.5
9/11/2015,25,30,27.5
9/12/2015,24,28,26
9/13/2015,30,40,35
9/14/2015,35,45,40
9/15/2015,28,35,31.5
9/16/2015,25,35,30
9/17/2015,25,30,27.5
9/18/2015,25,35,30
9/19/2015,20,26,23
9/20/2015,25,30,27.5
9/21/2015,15,25,20
9/22/2015,20,25,22.5
9/23/2015,25,35,30
9/24/2015,20,30,25
9/25/2015,20,30,25
9/26/2015,18,26,22
9/27/2015,25,30,27.5
9/28/2015,20,30,25
9/29/2015,20,25,22.5
9/30/2015,20,30,25
10/1/2015,20,30,25
10/2/2015,20,25,22.5
10/3/2015,16,24,20
10/4/2015,20,25,22.5
10/5/2015,15,20,17.5
10/6/2015,15,20,17.5
10/7/2015,20,25,22.5
10/8/2015,20,25,22.5
10/9/2015,20,25,22.5
10/10/2015,18,25,21.5
10/11/2015,20,25,22.5
10/12/2015,20,30,25
10/13/2015,20,25,22.5
10/14/2015,15,25,20
10/15/2015,15,25,20
10/16/2015,15,25,20
10/17/2015,12,16,14
10/18/2015,15,20,17.5
10/19/2015,15,25,20
10/20/2015,15,20,17.5
10/21/2015,20,30,25
10/22/2015,40,50,45
10/23/2015,50,60,55
10/24/2015,30,35,32.5
10/25/2015,20,30,25
10/26/2015,20,25,22.5
10/27/2015,15,20,17.5
10/28/2015,10,20,15
10/29/2015,10,20,15
10/30/2015,40,50,45
10/31/2015,24,35,29.5
11/1/2015,20,30,25
11/2/2015,20,30,25
11/3/2015,25,30,27.5
11/4/2015,40,45,42.5
11/5/2015,40,50,45
11/6/2015,40,50,45
11/7/2015,44,55,49.5
11/8/2015,60,70,65
11/9/2015,50,60,55
11/10/2015,50,60,55
11/11/2015,60,70,65
11/12/2015,50,60,55
11/13/2015,55,60,57.5
11/14/2015,56,68,62
11/15/2015,90,100,95
11/16/2015,55,65,60
11/17/2015,45,55,50
11/18/2015,30,40,35
11/19/2015,35,45,40
11/20/2015,50,60,55
11/21/2015,50,56,53
11/22/2015,60,70,65
11/23/2015,70,75,72.5
11/24/2015,50,60,55
11/25/2015,60,70,65
11/26/2015,60,70,65
11/27/2015,60,70,65
11/28/2015,55,65,60
11/29/2015,50,65,57.5
11/30/2015,50,60,55
12/1/2015,50,60,55
12/2/2015,50,60,55
12/3/2015,50,60,55
12/4/2015,45,50,47.5
12/5/2015,42,52,47
12/6/2015,40,50,45
12/7/2015,45,55,50
12/8/2015,40,50,45
12/9/2015,50,55,52.5
12/10/2015,45,50,47.5
12/11/2015,45,50,47.5
12/12/2015,45,58,51.5
12/13/2015,45,50,47.5
12/14/2015,45,50,47.5
12/15/2015,45,55,50
12/16/2015,45,50,47.5
12/17/2015,40,50,45
12/18/2015,40,50,45
12/19/2015,35,45,40
12/20/2015,40,50,45
12/21/2015,40,50,45
12/22/2015,40,50,45
12/23/2015,40,50,45
12/24/2015,40,50,45
12/25/2015,45,52,48.5
12/26/2015,50,60,55
12/27/2015,40,50,45
12/28/2015,40,50,45
12/29/2015,40,50,45
12/30/2015,40,45,42.5
12/31/2015,40,50,45
1/1/2016,40,50,45
1/2/2016,35,44,39.5
1/3/2016,30,40,35
1/4/2016,30,40,35
1/5/2016,25,30,27.5
1/6/2016,20,30,25
1/7/2016,15,20,17.5
1/8/2016,15,20,17.5
1/9/2016,15,20,17.5
1/10/2016,15,20,17.5
1/11/2016,15,20,17.5
1/12/2016,15,20,17.5
1/13/2016,15,20,17.5
1/14/2016,15,20,17.5
1/15/2016,15,20,17.5
1/16/2016,15,24,19.5
1/17/2016,15,20,17.5
1/18/2016,15,20,17.5
1/19/2016,15,20,17.5
1/20/2016,15,20,17.5
1/21/2016,15,20,17.5
1/22/2016,15,20,17.5
1/23/2016,25,30,27.5
1/24/2016,20,30,25
1/25/2016,20,30,25
1/26/2016,18,25,21.5
1/27/2016,15,20,17.5
1/28/2016,15,20,17.5
1/29/2016,20,25,22.5
1/30/2016,20,25,22.5
1/31/2016,15,20,17.5
2/1/2016,20,30,25
2/2/2016,20,30,25
2/3/2016,20,30,25
2/4/2016,30,35,32.5
2/5/2016,25,30,27.5
2/6/2016,25,30,27.5
2/7/2016,20,30,25
2/8/2016,25,30,27.5
2/9/2016,20,25,22.5
2/10/2016,20,30,25
2/11/2016,25,30,27.5
2/12/2016,25,30,27.5
2/13/2016,20,25,22.5
2/14/2016,25,30,27.5
2/15/2016,25,30,27.5
2/16/2016,25,30,27.5
2/17/2016,25,30,27.5
2/18/2016,25,30,27.5
2/19/2016,25,30,27.5
2/20/2016,30,35,32.5
2/21/2016,20,30,25
2/22/2016,20,25,22.5
2/23/2016,20,30,25
2/24/2016,25,30,27.5
2/25/2016,20,30,25
2/26/2016,20,25,22.5
2/27/2016,20,24,22
2/28/2016,20,25,22.5
2/29/2016,20,30,25
3/1/2016,20,25,22.5
3/2/2016,25,30,27.5
3/4/2016,25,30,27.5
3/5/2016,30,35,32.5
3/6/2016,30,40,35
3/7/2016,25,32,28.5
3/8/2016,25,28,26.5
3/9/2016,20,25,22.5
3/10/2016,25,30,27.5
3/11/2016,25,30,27.5
3/12/2016,28,35,31.5
3/13/2016,25,30,27.5
3/15/2016,35,40,37.5
3/16/2016,35,40,37.5
3/17/2016,30,40,35
3/18/2016,35,40,37.5
3/19/2016,38,40,39
3/20/2016,40,45,42.5
3/21/2016,40,50,45
3/22/2016,40,50,45
3/23/2016,40,45,42.5
3/24/2016,40,50,45
3/25/2016,40,50,45
3/26/2016,37,42,39.5
3/27/2016,40,45,42.5
3/28/2016,40,45,42.5
3/29/2016,30,40,35
3/30/2016,30,35,32.5
3/31/2016,30,35,32.5
4/1/2016,25,30,27.5
4/2/2016,35,40,37.5
4/3/2016,30,35,32.5
4/4/2016,25,30,27.5
4/5/2016,25,30,27.5
4/6/2016,25,30,27.5
4/7/2016,25,30,27.5
4/8/2016,35,40,37.5
4/9/2016,28,35,31.5
4/10/2016,25,30,27.5
4/11/2016,25,30,27.5
4/12/2016,22,30,26
4/13/2016,25,30,27.5
4/14/2016,25,30,27.5
4/15/2016,25,30,27.5
4/16/2016,20,25,22.5
4/17/2016,20,25,22.5
4/18/2016,15,20,17.5
4/19/2016,15,20,17.5
4/20/2016,15,20,17.5
4/21/2016,15,20,17.5
4/22/2016,20,25,22.5
4/23/2016,25,30,27.5
4/24/2016,30,35,32.5
4/25/2016,30,40,35
4/26/2016,30,40,35
4/27/2016,35,45,40
4/28/2016,38,45,41.5
4/29/2016,45,50,47.5
4/30/2016,40,45,42.5
5/1/2016,30,42,36
5/2/2016,40,50,45
5/3/2016,40,50,45
5/4/2016,50,60,55
5/5/2016,60,70,65
5/6/2016,60,65,62.5
5/7/2016,60,65,62.5
5/8/2016,50,60,55
5/9/2016,50,60,55
5/10/2016,50,60,55
5/11/2016,50,60,55
5/12/2016,50,60,55
5/13/2016,50,60,55
5/14/2016,55,60,57.5
5/15/2016,60,65,62.5
5/16/2016,50,55,52.5
5/17/2016,50,60,55
5/18/2016,45,55,50
5/19/2016,55,65,60
5/20/2016,70,80,75
5/21/2016,60,70,65
5/22/2016,70,80,75
5/23/2016,70,80,75
5/24/2016,60,70,65
5/25/2016,50,60,55
5/26/2016,50,60,55
5/27/2016,50,60,55
5/28/2016,60,70,65
5/29/2016,50,60,55
5/30/2016,60,70,65
5/31/2016,60,70,65
6/1/2016,50,60,55
6/2/2016,60,70,65
6/3/2016,60,70,65
6/4/2016,50,60,55
6/5/2016,60,70,65
6/6/2016,70,80,75
6/7/2016,50,60,55
6/8/2016,50,60,55
6/9/2016,40,50,45
6/10/2016,50,60,55
6/11/2016,40,55,47.5
6/12/2016,50,60,55
6/13/2016,50,60,55
6/14/2016,35,45,40
6/15/2016,35,40,37.5
6/16/2016,30,38,34
6/17/2016,40,50,45
6/18/2016,25,40,32.5
6/19/2016,40,50,45
6/20/2016,40,50,45
6/21/2016,45,50,47.5
6/22/2016,50,60,55
6/23/2016,50,60,55
6/24/2016,40,50,45
6/25/2016,30,40,35
6/26/2016,50,60,55
6/27/2016,50,55,52.5
6/28/2016,60,70,65
6/29/2016,60,70,65
6/30/2016,60,70,65
7/1/2016,60,70,65
7/2/2016,65,70,67.5
7/3/2016,60,70,65
7/4/2016,60,70,65
7/5/2016,60,70,65
7/6/2016,60,70,65
7/7/2016,60,70,65
7/8/2016,60,70,65
7/9/2016,60,70,65
7/10/2016,60,70,65
7/11/2016,70,80,75
7/12/2016,60,70,65
7/13/2016,60,70,65
7/14/2016,65,70,67.5
7/15/2016,55,60,57.5
7/16/2016,55,60,57.5
7/17/2016,60,65,62.5
7/18/2016,55,60,57.5
7/19/2016,50,60,55
7/20/2016,50,60,55
7/21/2016,50,55,52.5
7/22/2016,55,65,60
7/23/2016,58,65,61.5
7/24/2016,60,70,65
7/25/2016,60,70,65
7/26/2016,80,90,85
7/27/2016,75,85,80
7/28/2016,70,80,75
7/29/2016,85,90,87.5
7/30/2016,80,85,82.5
7/31/2016,80,90,85
8/1/2016,75,80,77.5
8/2/2016,70,80,75
8/3/2016,70,75,72.5
8/4/2016,65,70,67.5
8/5/2016,65,70,67.5
8/6/2016,80,90,85
8/7/2016,70,75,72.5
8/8/2016,65,70,67.5
8/9/2016,60,70,65
8/10/2016,50,60,55
8/11/2016,50,60,55
8/12/2016,50,60,55
8/13/2016,50,60,55
8/14/2016,50,55,52.5
8/15/2016,45,55,50
8/16/2016,45,55,50
8/17/2016,45,55,50
8/18/2016,50,60,55
8/19/2016,75,80,77.5
8/20/2016,55,60,57.5
8/21/2016,50,60,55
8/22/2016,40,50,45
8/23/2016,40,50,45
8/24/2016,45,50,47.5
8/25/2016,50,55,52.5
8/26/2016,40,50,45
8/27/2016,40,48,44
8/28/2016,50,60,55
8/29/2016,45,55,50
8/30/2016,45,55,50
8/31/2016,45,55,50
9/1/2016,45,55,50
9/2/2016,45,55,50
9/3/2016,45,52,48.5
9/4/2016,45,55,50
9/5/2016,45,55,50
9/6/2016,40,50,45
9/7/2016,40,50,45
9/8/2016,35,45,40
9/9/2016,35,45,40
9/10/2016,38,45,41.5
9/11/2016,35,45,40
9/12/2016,35,45,40
9/13/2016,45,55,50
9/14/2016,40,50,45
9/15/2016,40,45,42.5
9/16/2016,45,55,50
9/17/2016,45,50,47.5
9/18/2016,50,60,55
9/19/2016,40,50,45
9/20/2016,45,55,50
9/21/2016,48,55,51.5
9/22/2016,40,50,45
9/23/2016,40,45,42.5
9/24/2016,45,50,47.5
9/25/2016,45,55,50
9/26/2016,50,60,55
9/27/2016,45,55,50
9/28/2016,45,55,50
9/29/2016,45,55,50
9/30/2016,50,60,55
10/1/2016,50,60,55
10/2/2016,60,70,65
10/3/2016,65,70,67.5
10/4/2016,70,80,75
10/5/2016,60,70,65
10/6/2016,65,75,70
10/7/2016,60,70,65
10/8/2016,60,70,65
10/9/2016,70,75,72.5
10/10/2016,65,75,70
10/11/2016,80,90,85
10/12/2016,60,70,65
10/13/2016,55,65,60
10/14/2016,50,60,55
10/15/2016,50,54,52
10/16/2016,55,65,60
10/17/2016,65,70,67.5
10/18/2016,70,80,75
10/19/2016,70,80,75
10/20/2016,75,80,77.5
10/21/2016,70,80,75
10/22/2016,50,55,52.5
10/23/2016,50,60,55
10/24/2016,60,70,65
10/25/2016,50,60,55
10/26/2016,40,50,45
10/27/2016,40,50,45
10/28/2016,40,50,45
10/29/2016,38,45,41.5
10/30/2016,35,45,40
10/31/2016,40,50,45
11/1/2016,40,50,45
11/2/2016,35,45,40
11/3/2016,35,45,40
11/4/2016,35,45,40
11/5/2016,30,40,35
11/6/2016,30,38,34
11/7/2016,30,40,35
11/8/2016,30,40,35
11/9/2016,30,40,35
11/10/2016,30,40,35
11/11/2016,35,40,37.5
11/12/2016,40,48,44
11/13/2016,30,40,35
11/14/2016,30,40,35
11/15/2016,30,40,35
11/16/2016,30,40,35
11/17/2016,25,35,30
11/18/2016,25,35,30
11/19/2016,25,30,27.5
11/20/2016,25,35,30
11/21/2016,25,35,30
11/22/2016,25,35,30
11/23/2016,30,40,35
11/24/2016,25,35,30
11/25/2016,30,40,35
11/26/2016,35,40,37.5
11/27/2016,30,40,35
11/28/2016,30,40,35
11/29/2016,30,40,35
11/30/2016,30,40,35
12/1/2016,25,35,30
12/2/2016,25,35,30
12/3/2016,28,35,31.5
12/4/2016,25,35,30
12/5/2016,25,35,30
12/6/2016,25,35,30
12/7/2016,30,40,35
12/8/2016,30,40,35
12/9/2016,30,40,35
12/10/2016,35,40,37.5
12/11/2016,30,40,35
12/12/2016,30,40,35
12/13/2016,30,40,35
12/14/2016,30,35,32.5
12/15/2016,30,35,32.5
12/16/2016,28,35,31.5
12/17/2016,30,35,32.5
12/18/2016,30,40,35
12/19/2016,30,40,35
12/20/2016,30,40,35
12/21/2016,30,40,35
12/22/2016,30,40,35
12/23/2016,30,35,32.5
12/24/2016,28,30,29
12/25/2016,25,35,30
12/26/2016,25,35,30
12/27/2016,20,25,22.5
12/28/2016,20,30,25
12/29/2016,20,30,25
12/30/2016,20,25,22.5
12/31/2016,20,25,22.5
1/1/2017,20,30,25
1/2/2017,20,30,25
1/3/2017,20,30,25
1/4/2017,20,30,25
1/5/2017,20,30,25
1/6/2017,20,30,25
1/7/2017,25,30,27.5
1/8/2017,20,30,25
1/9/2017,20,30,25
1/10/2017,20,25,22.5
1/11/2017,25,30,27.5
1/12/2017,20,30,25
1/13/2017,20,30,25
1/14/2017,20,25,22.5
1/15/2017,20,30,25
1/16/2017,20,30,25
1/17/2017,20,30,25
1/18/2017,40,50,45
1/19/2017,20,30,25
1/20/2017,20,25,22.5
1/21/2017,25,30,27.5
1/22/2017,20,30,25
1/23/2017,20,30,25
1/24/2017,20,30,25
1/25/2017,20,30,25
1/26/2017,15,25,20
1/27/2017,15,20,17.5
1/28/2017,20,25,22.5
1/29/2017,20,25,22.5
1/30/2017,18,24,21
1/31/2017,15,25,20
2/1/2017,15,25,20
2/2/2017,15,25,20
2/3/2017,15,25,20
2/4/2017,15,24,19.5
2/5/2017,10,20,15
2/6/2017,10,20,15
2/7/2017,10,20,15
2/8/2017,15,25,20
2/9/2017,15,20,17.5
2/10/2017,15,20,17.5
2/11/2017,15,20,17.5
2/12/2017,15,20,17.5
2/13/2017,15,20,17.5
2/14/2017,15,20,17.5
2/15/2017,15,20,17.5
2/16/2017,15,20,17.5
2/17/2017,15,20,17.5
2/18/2017,15,20,17.5
2/19/2017,15,20,17.5
2/20/2017,15,20,17.5
2/21/2017,15,20,17.5
2/22/2017,15,20,17.5
2/23/2017,15,20,17.5
2/25/2017,15,20,17.5
2/26/2017,15,20,17.5
2/27/2017,15,20,17.5
2/28/2017,20,25,22.5
3/1/2017,20,25,22.5
3/2/2017,20,25,22.5
3/4/2017,20,25,22.5
3/5/2017,25,30,27.5
3/6/2017,24,30,27
3/7/2017,25,30,27.5
3/8/2017,25,30,27.5
3/9/2017,25,30,27.5
3/10/2017,25,30,27.5
3/11/2017,25,30,27.5
3/13/2017,30,35,32.5
3/14/2017,30,35,32.5
3/15/2017,30,35,32.5
3/16/2017,25,30,27.5
3/17/2017,25,30,27.5
3/18/2017,28,32,30
3/19/2017,25,30,27.5
3/20/2017,25,30,27.5
3/21/2017,25,30,27.5
3/22/2017,25,30,27.5
3/23/2017,25,30,27.5
3/24/2017,25,30,27.5
3/25/2017,25,30,27.5
3/26/2017,25,30,27.5
3/27/2017,30,35,32.5
3/28/2017,35,40,37.5
3/29/2017,35,40,37.5
3/30/2017,30,35,32.5
3/31/2017,30,35,32.5
4/1/2017,30,35,32.5
4/2/2017,25,30,27.5
4/3/2017,30,35,32.5
4/4/2017,30,35,32.5
4/5/2017,30,35,32.5
4/6/2017,30,35,32.5
4/7/2017,30,35,32.5
4/8/2017,30,35,32.5
4/9/2017,30,35,32.5
4/10/2017,25,30,27.5
4/11/2017,20,28,24
4/12/2017,20,28,24
4/13/2017,24,30,27
4/14/2017,30,40,35
4/15/2017,30,35,32.5
4/16/2017,30,35,32.5
4/17/2017,30,35,32.5
4/18/2017,30,35,32.5
4/19/2017,30,35,32.5
4/20/2017,30,35,32.5
4/21/2017,25,30,27.5
4/22/2017,30,35,32.5
4/23/2017,30,35,32.5
4/24/2017,30,35,32.5
4/25/2017,25,30,27.5
4/26/2017,25,30,27.5
4/27/2017,25,30,27.5
4/28/2017,25,30,27.5
4/29/2017,25,30,27.5
4/30/2017,25,30,27.5
5/1/2017,25,30,27.5
5/2/2017,25,30,27.5
5/3/2017,30,35,32.5
5/4/2017,25,30,27.5
5/5/2017,25,30,27.5
5/6/2017,25,30,27.5
5/7/2017,25,30,27.5
5/8/2017,25,30,27.5
5/9/2017,25,30,27.5
5/10/2017,30,35,32.5
5/11/2017,35,40,37.5
5/12/2017,40,50,45
5/13/2017,35,45,40
5/15/2017,35,45,40
5/16/2017,40,50,45
5/17/2017,40,50,45
5/18/2017,40,45,42.5
5/19/2017,45,50,47.5
5/20/2017,45,50,47.5
5/21/2017,30,35,32.5
5/22/2017,30,35,32.5
5/23/2017,30,35,32.5
5/24/2017,30,35,32.5
5/25/2017,30,35,32.5
5/26/2017,30,35,32.5
5/27/2017,30,35,32.5
5/28/2017,30,35,32.5
5/29/2017,45,50,47.5
5/30/2017,30,35,32.5
5/31/2017,40,45,42.5
6/1/2017,40,45,42.5
6/2/2017,30,35,32.5
6/3/2017,30,38,34
6/4/2017,45,50,47.5
6/5/2017,50,55,52.5
6/6/2017,55,60,57.5
6/7/2017,60,65,62.5
6/8/2017,50,55,52.5
6/9/2017,50,55,52.5
6/10/2017,45,50,47.5
6/11/2017,45,50,47.5
6/12/2017,45,50,47.5
6/13/2017,45,50,47.5
6/14/2017,40,45,42.5
6/15/2017,40,45,42.5
6/16/2017,40,45,42.5
6/17/2017,40,45,42.5
6/18/2017,35,40,37.5
6/19/2017,35,40,37.5
6/20/2017,30,36,33
6/21/2017,30,35,32.5
6/22/2017,30,35,32.5
6/23/2017,30,35,32.5
6/24/2017,30,35,32.5
6/25/2017,30,35,32.5
6/26/2017,30,35,32.5
6/27/2017,30,35,32.5
6/28/2017,25,30,27.5
6/29/2017,25,30,27.5
6/30/2017,25,30,27.5
7/1/2017,25,30,27.5
7/2/2017,25,30,27.5
7/3/2017,24,28,26
7/4/2017,20,25,22.5
7/5/2017,20,25,22.5
7/6/2017,20,25,22.5
7/7/2017,20,25,22.5
7/8/2017,20,25,22.5
7/9/2017,20,25,22.5
7/10/2017,20,25,22.5
7/11/2017,20,25,22.5
7/12/2017,24,30,27
7/13/2017,28,32,30
7/14/2017,30,35,32.5
7/15/2017,27,33,30
7/16/2017,27,35,31
7/17/2017,30,35,32.5
7/18/2017,35,40,37.5
7/19/2017,35,40,37.5
7/20/2017,30,35,32.5
7/21/2017,30,35,32.5
7/22/2017,30,35,32.5
7/23/2017,30,35,32.5
7/24/2017,30,35,32.5
7/25/2017,30,35,32.5
7/26/2017,30,35,32.5
7/27/2017,45,50,47.5
7/28/2017,45,50,47.5
7/29/2017,45,50,47.5
7/30/2017,45,50,47.5
7/31/2017,45,50,47.5
8/1/2017,40,50,45
8/2/2017,40,50,45
8/3/2017,40,45,42.5
8/4/2017,40,50,45
8/5/2017,40,50,45
8/6/2017,40,50,45
8/7/2017,40,50,45
8/8/2017,50,55,52.5
8/9/2017,45,50,47.5
8/10/2017,45,50,47.5
8/11/2017,50,55,52.5
8/12/2017,50,55,52.5
8/13/2017,60,65,62.5
8/14/2017,70,75,72.5
8/15/2017,60,65,62.5
8/16/2017,70,75,72.5
8/17/2017,70,80,75
8/18/2017,75,80,77.5
8/19/2017,75,80,77.5
8/20/2017,75,80,77.5
8/21/2017,70,75,72.5
8/22/2017,70,75,72.5
8/23/2017,65,70,67.5
8/24/2017,50,55,52.5
8/25/2017,50,55,52.5
8/26/2017,50,55,52.5
8/27/2017,40,45,42.5
8/28/2017,38,43,40.5
8/29/2017,38,43,40.5
8/30/2017,35,40,37.5
8/31/2017,35,40,37.5
9/1/2017,30,35,32.5
9/2/2017,30,35,32.5
9/3/2017,32,35,33.5
9/4/2017,45,50,47.5
9/5/2017,45,50,47.5
9/6/2017,45,50,47.5
9/7/2017,45,50,47.5
9/8/2017,45,50,47.5
9/9/2017,45,50,47.5
9/10/2017,45,50,47.5
9/11/2017,45,50,47.5
9/12/2017,35,40,37.5
9/13/2017,35,40,37.5
9/14/2017,35,40,37.5
9/15/2017,35,45,40
9/16/2017,35,40,37.5
9/17/2017,35,40,37.5
9/18/2017,40,45,42.5
9/20/2017,45,50,47.5
9/21/2017,60,70,65
9/22/2017,65,75,70
9/23/2017,70,80,75
9/24/2017,60,65,62.5
9/25/2017,55,65,60
9/26/2017,55,60,57.5
9/27/2017,55,60,57.5
9/28/2017,55,65,60
9/29/2017,50,55,52.5
9/30/2017,45,50,47.5
10/1/2017,35,40,37.5
10/2/2017,25,30,27.5
10/3/2017,20,25,22.5
10/4/2017,20,25,22.5
10/5/2017,20,25,22.5
10/6/2017,23,26,24.5
10/7/2017,23,26,24.5
10/8/2017,30,35,32.5
10/9/2017,45,55,50
10/10/2017,48,55,51.5
10/11/2017,58,65,61.5
10/12/2017,55,60,57.5
10/13/2017,55,60,57.5
10/14/2017,65,70,67.5
10/15/2017,52,60,56
10/16/2017,50,55,52.5
10/17/2017,45,55,50
10/18/2017,55,60,57.5
10/19/2017,55,60,57.5
10/20/2017,45,50,47.5
10/21/2017,65,70,67.5
10/22/2017,75,80,77.5
10/23/2017,58,62,60
10/24/2017,53,58,55.5
10/25/2017,45,50,47.5
10/26/2017,45,50,47.5
10/27/2017,70,75,72.5
10/28/2017,70,75,72.5
10/29/2017,65,70,67.5
10/30/2017,70,75,72.5
10/31/2017,70,75,72.5
11/1/2017,95,100,97.5
11/2/2017,90,95,92.5
11/3/2017,85,90,87.5
11/4/2017,70,78,74
11/5/2017,80,85,82.5
11/6/2017,70,75,72.5
11/7/2017,75,80,77.5
11/8/2017,80,85,82.5
11/9/2017,75,80,77.5
11/10/2017,75,80,77.5
11/11/2017,68,73,70.5
11/12/2017,75,80,77.5
11/13/2017,65,70,67.5
11/14/2017,75,80,77.5
11/15/2017,70,75,72.5
11/16/2017,60,65,62.5
11/17/2017,60,65,62.5
11/18/2017,65,70,67.5
11/19/2017,50,60,55
11/20/2017,45,50,47.5
11/21/2017,45,50,47.5
11/22/2017,50,55,52.5
11/23/2017,55,60,57.5
11/24/2017,60,65,62.5
11/25/2017,52,58,55
11/26/2017,55,60,57.5
11/27/2017,65,70,67.5
11/28/2017,60,65,62.5
11/29/2017,50,55,52.5
11/30/2017,55,60,57.5
12/1/2017,55,60,57.5
12/2/2017,55,60,57.5
12/3/2017,60,70,65
12/4/2017,70,75,72.5
12/5/2017,80,85,82.5
12/6/2017,70,75,72.5
12/8/2017,75,80,77.5
12/9/2017,75,80,77.5
12/10/2017,65,70,67.5
12/11/2017,65,70,67.5
12/12/2017,65,70,67.5
12/13/2017,55,60,57.5
12/14/2017,45,50,47.5
12/15/2017,40,45,42.5
12/16/2017,35,40,37.5
12/17/2017,35,40,37.5
12/18/2017,30,35,32.5
12/19/2017,25,30,27.5
12/20/2017,25,30,27.5
12/27/2017,25,30,27.5
12/28/2017,25,30,27.5
12/29/2017,20,25,22.5
12/30/2017,20,25,22.5
12/31/2017,20,25,22.5
1/1/2018,20,25,22.5
1/2/2018,25,30,27.5
1/3/2018,25,30,27.5
1/4/2018,25,30,27.5
1/5/2018,30,35,32.5
1/6/2018,35,40,37.5
1/7/2018,25,30,27.5
1/8/2018,30,35,32.5
1/9/2018,30,35,32.5
1/10/2018,30,35,32.5
1/11/2018,30,35,32.5
1/12/2018,40,45,42.5
1/13/2018,45,50,47.5
1/14/2018,45,50,47.5
1/16/2018,35,40,37.5
1/17/2018,40,45,42.5
1/18/2018,35,40,37.5
1/19/2018,35,40,37.5
1/20/2018,38,43,40.5
1/21/2018,30,35,32.5
1/22/2018,25,30,27.5
1/23/2018,20,25,22.5
1/24/2018,20,25,22.5
1/25/2018,20,25,22.5
1/26/2018,18,20,19
1/27/2018,15,20,17.5
1/28/2018,16,20,18
1/29/2018,15,20,17.5
1/30/2018,15,20,17.5
1/31/2018,15,20,17.5
2/1/2018,15,20,17.5
2/2/2018,12,15,13.5
2/3/2018,12,16,14
2/4/2018,20,25,22.5
2/5/2018,25,30,27.5
2/6/2018,25,30,27.5
2/7/2018,18,20,19
2/8/2018,18,20,19
2/9/2018,18,22,20
2/10/2018,18,20,19
2/11/2018,15,20,17.5
2/12/2018,15,20,17.5
2/13/2018,15,20,17.5
2/14/2018,20,25,22.5
2/15/2018,20,25,22.5
2/16/2018,25,30,27.5
2/17/2018,20,25,22.5
2/18/2018,25,30,27.5
2/19/2018,25,28,26.5
2/20/2018,25,30,27.5
2/21/2018,25,30,27.5
2/22/2018,20,25,22.5
2/23/2018,20,25,22.5
2/24/2018,20,25,22.5
2/25/2018,25,30,27.5
2/26/2018,30,35,32.5
2/27/2018,30,35,32.5
2/28/2018,30,35,32.5
3/1/2018,35,40,37.5
3/2/2018,33,36,34.5
3/3/2018,30,35,32.5
3/5/2018,30,35,32.5
3/6/2018,33,36,34.5
3/7/2018,30,35,32.5
3/8/2018,30,35,32.5
3/9/2018,30,35,32.5
3/10/2018,40,50,45
3/11/2018,25,30,27.5
3/12/2018,25,30,27.5
3/13/2018,25,30,27.5
3/14/2018,25,30,27.5
3/15/2018,25,30,27.5
3/16/2018,25,30,27.5
3/17/2018,25,30,27.5
3/18/2018,45,50,47.5
3/19/2018,50,55,52.5
3/20/2018,50,55,52.5
3/21/2018,50,55,52.5
3/22/2018,50,55,52.5
3/23/2018,50,55,52.5
3/24/2018,40,48,44
3/25/2018,40,45,42.5
3/26/2018,30,35,32.5
3/27/2018,30,35,32.5
3/28/2018,30,35,32.5
3/29/2018,30,35,32.5
3/30/2018,30,35,32.5
3/31/2018,30,35,32.5
4/1/2018,35,40,37.5
4/2/2018,40,45,42.5
4/3/2018,40,45,42.5
4/4/2018,35,40,37.5
4/5/2018,35,40,37.5
4/6/2018,30,35,32.5
4/7/2018,24,30,27
4/8/2018,28,33,30.5
4/9/2018,25,30,27.5
4/10/2018,25,30,27.5
4/11/2018,23,26,24.5
4/12/2018,28,33,30.5
4/13/2018,35,40,37.5
4/14/2018,30,35,32.5
4/15/2018,35,40,37.5
4/16/2018,28,33,30.5
4/17/2018,25,30,27.5
4/18/2018,20,25,22.5
4/19/2018,20,25,22.5
4/20/2018,25,30,27.5
4/21/2018,26,33,29.5
4/22/2018,28,33,30.5
4/23/2018,20,25,22.5
4/24/2018,20,25,22.5
4/25/2018,20,25,22.5
4/26/2018,20,25,22.5
4/27/2018,20,25,22.5
4/28/2018,22,26,24
4/29/2018,20,25,22.5
4/30/2018,25,30,27.5
5/1/2018,25,30,27.5
5/2/2018,30,35,32.5
5/3/2018,25,30,27.5
5/4/2018,25,30,27.5
5/5/2018,20,25,22.5
5/6/2018,20,25,22.5
5/7/2018,20,25,22.5
5/8/2018,20,25,22.5
5/9/2018,20,25,22.5
5/10/2018,20,25,22.5
5/11/2018,20,25,22.5
5/12/2018,20,25,22.5
5/13/2018,40,45,42.5
5/14/2018,40,45,42.5
5/15/2018,40,45,42.5
5/16/2018,35,40,37.5
5/17/2018,35,40,37.5
5/18/2018,25,30,27.5
5/19/2018,20,25,22.5
5/20/2018,25,30,27.5
5/21/2018,25,30,27.5
5/22/2018,25,30,27.5
5/23/2018,25,30,27.5
5/24/2018,40,45,42.5
5/25/2018,40,45,42.5
5/26/2018,35,40,37.5
5/27/2018,35,40,37.5
5/28/2018,40,45,42.5
5/29/2018,40,45,42.5
5/30/2018,44,50,47
5/31/2018,40,45,42.5
6/1/2018,35,40,37.5
6/2/2018,30,35,32.5
6/3/2018,40,45,42.5
6/4/2018,35,40,37.5
6/5/2018,35,40,37.5
6/6/2018,35,40,37.5
6/7/2018,35,40,37.5
6/8/2018,35,40,37.5
6/9/2018,40,48,44
6/10/2018,40,45,42.5
6/11/2018,40,45,42.5
6/12/2018,40,45,42.5
6/13/2018,30,38,34
6/14/2018,30,35,32.5
6/15/2018,30,35,32.5
6/16/2018,35,40,37.5
6/17/2018,30,35,32.5
6/18/2018,35,40,37.5
6/19/2018,25,30,27.5
6/20/2018,30,38,34
6/21/2018,35,40,37.5
6/22/2018,45,50,47.5
6/23/2018,40,45,42.5
6/24/2018,30,35,32.5
6/25/2018,35,40,37.5
6/26/2018,30,35,32.5
6/27/2018,28,33,30.5
6/28/2018,20,25,22.5
6/29/2018,18,20,19
6/30/2018,18,20,19
7/1/2018,18,22,20
7/2/2018,15,20,17.5
7/3/2018,18,22,20
7/4/2018,18,20,19
7/5/2018,18,20,19
7/6/2018,15,20,17.5
7/7/2018,20,25,22.5
7/8/2018,18,20,19
7/9/2018,25,30,27.5
7/10/2018,25,30,27.5
7/11/2018,25,30,27.5
7/12/2018,18,22,20
7/13/2018,15,20,17.5
7/14/2018,15,20,17.5
7/15/2018,12,17,14.5
7/16/2018,15,20,17.5
7/17/2018,20,25,22.5
7/18/2018,20,25,22.5
7/19/2018,20,25,22.5
7/20/2018,15,20,17.5
7/21/2018,15,20,17.5
7/22/2018,15,20,17.5
7/23/2018,15,20,17.5
7/24/2018,15,20,17.5
7/25/2018,15,20,17.5
7/26/2018,15,20,17.5
7/27/2018,15,20,17.5
7/28/2018,18,25,21.5
7/29/2018,19,23,21
7/30/2018,20,25,22.5
7/31/2018,25,30,27.5
8/1/2018,20,25,22.5
8/2/2018,20,25,22.5
8/3/2018,20,25,22.5
8/4/2018,20,25,22.5
8/5/2018,25,30,27.5
8/6/2018,33,36,34.5
8/7/2018,30,35,32.5
8/8/2018,33,35,34
8/9/2018,35,40,37.5
8/10/2018,43,47,45
8/11/2018,45,50,47.5
8/12/2018,38,40,39
8/13/2018,33,36,34.5
8/14/2018,30,35,32.5
8/15/2018,30,35,32.5
8/16/2018,25,30,27.5
8/17/2018,20,25,22.5
8/18/2018,25,30,27.5
8/19/2018,20,25,22.5
8/20/2018,25,30,27.5
8/21/2018,25,30,27.5
8/22/2018,25,30,27.5
8/23/2018,20,25,22.5
8/24/2018,20,25,22.5
8/25/2018,20,25,22.5
8/26/2018,15,20,17.5
8/27/2018,18,25,21.5
8/28/2018,20,25,22.5
8/29/2018,25,30,27.5
8/30/2018,30,35,32.5
8/31/2018,33,36,34.5
9/1/2018,35,40,37.5
9/2/2018,40,45,42.5
9/3/2018,43,47,45
9/4/2018,40,45,42.5
9/5/2018,40,47,43.5
9/6/2018,40,45,42.5
9/7/2018,40,45,42.5
9/8/2018,45,50,47.5
9/9/2018,45,50,47.5
9/10/2018,50,53,51.5
9/11/2018,45,50,47.5
9/12/2018,35,40,37.5
9/13/2018,35,40,37.5
9/14/2018,30,35,32.5
9/15/2018,30,35,32.5
9/16/2018,30,34,32
9/17/2018,30,35,32.5
9/18/2018,50,55,52.5
9/19/2018,45,50,47.5
9/20/2018,45,50,47.5
9/21/2018,40,45,42.5
9/22/2018,43,48,45.5
9/23/2018,48,52,50
9/24/2018,40,45,42.5
9/25/2018,40,45,42.5
9/26/2018,38,43,40.5
9/27/2018,35,40,37.5
9/28/2018,35,43,39
9/29/2018,40,45,42.5
9/30/2018,45,50,47.5
10/1/2018,43,48,45.5
10/2/2018,46,52,49
10/3/2018,48,53,50.5
10/4/2018,50,55,52.5
10/5/2018,58,66,62
10/6/2018,60,67,63.5
10/7/2018,70,80,75
10/8/2018,60,70,65
10/9/2018,60,68,64
10/10/2018,65,70,67.5
10/11/2018,60,70,65
10/12/2018,60,70,65
10/13/2018,60,65,62.5
10/14/2018,60,70,65
10/15/2018,65,70,67.5
10/16/2018,45,52,48.5
10/17/2018,45,52,48.5
10/18/2018,45,52,48.5
10/19/2018,50,58,54
10/20/2018,40,48,44
10/21/2018,35,40,37.5
10/22/2018,20,30,25
10/23/2018,20,25,22.5
10/24/2018,20,25,22.5
10/25/2018,25,30,27.5
10/26/2018,25,30,27.5
10/27/2018,25,30,27.5
10/28/2018,25,30,27.5
10/29/2018,34,38,36
10/30/2018,30,35,32.5
10/31/2018,35,45,40
11/1/2018,35,45,40
11/2/2018,35,40,37.5
11/3/2018,25,30,27.5
11/4/2018,25,30,27.5
11/5/2018,25,30,27.5
11/6/2018,22,28,25
11/7/2018,22,28,25
11/8/2018,20,25,22.5
11/9/2018,20,25,22.5
11/10/2018,20,25,22.5
11/11/2018,18,24,21
11/12/2018,20,28,24
11/13/2018,20,25,22.5
11/14/2018,20,25,22.5
11/15/2018,15,20,17.5
11/16/2018,12,20,16
11/17/2018,17,25,21
11/18/2018,15,25,20
11/19/2018,15,25,20
11/20/2018,18,25,21.5
11/21/2018,18,25,21.5
11/22/2018,20,25,22.5
11/23/2018,18,25,21.5
11/24/2018,18,20,19
11/25/2018,18,25,21.5
11/26/2018,16,22,19
11/27/2018,16,22,19
11/28/2018,16,24,20
11/29/2018,20,28,24
11/30/2018,18,24,21
12/1/2018,15,20,17.5
12/2/2018,20,25,22.5
12/3/2018,20,30,25
12/4/2018,20,25,22.5
12/5/2018,15,20,17.5
12/6/2018,12,20,16
12/7/2018,15,25,20
12/8/2018,18,24,21
12/9/2018,15,25,20
12/10/2018,20,25,22.5
12/11/2018,15,25,20
12/12/2018,20,25,22.5
12/13/2018,15,25,20
12/14/2018,20,25,22.5
12/15/2018,20,25,22.5
12/16/2018,20,25,22.5
12/17/2018,18,25,21.5
12/18/2018,15,25,20
12/19/2018,15,20,17.5
12/20/2018,15,20,17.5
12/21/2018,10,20,15
12/22/2018,18,22,20
12/23/2018,15,20,17.5
12/24/2018,15,20,17.5
12/25/2018,18,22,20
12/26/2018,15,20,17.5
12/27/2018,15,20,17.5
12/28/2018,15,20,17.5
12/29/2018,15,20,17.5
12/30/2018,15,20,17.5
12/31/2018,20,30,25
1/1/2019,20,25,22.5
1/2/2019,20,25,22.5
1/3/2019,20,25,22.5
1/4/2019,20,25,22.5
1/5/2019,22,28,25
1/6/2019,30,35,32.5
1/7/2019,30,35,32.5
1/8/2019,30,35,32.5
1/9/2019,30,35,32.5
1/10/2019,30,35,32.5
1/11/2019,30,35,32.5
1/12/2019,28,30,29
1/13/2019,30,35,32.5
1/14/2019,20,30,25
1/15/2019,30,35,32.5
1/16/2019,25,30,27.5
1/17/2019,22,28,25
1/18/2019,25,30,27.5
1/19/2019,20,25,22.5
1/20/2019,20,25,22.5
1/21/2019,20,25,22.5
1/22/2019,20,25,22.5
1/23/2019,18,22,20
1/24/2019,15,20,17.5
1/25/2019,15,20,17.5
1/26/2019,18,24,21
1/27/2019,15,20,17.5
1/28/2019,15,20,17.5
1/29/2019,20,25,22.5
1/30/2019,20,25,22.5
1/31/2019,20,25,22.5
2/1/2019,20,25,22.5
2/2/2019,20,25,22.5
2/3/2019,15,20,17.5
2/4/2019,15,20,17.5
2/5/2019,15,20,17.5
2/6/2019,15,20,17.5
2/7/2019,15,20,17.5
2/8/2019,20,25,22.5
2/9/2019,25,30,27.5
2/10/2019,30,35,32.5
2/11/2019,35,40,37.5
2/12/2019,25,35,30
2/13/2019,20,25,22.5
2/14/2019,20,25,22.5
2/15/2019,25,30,27.5
2/16/2019,25,30,27.5
2/17/2019,20,25,22.5
2/18/2019,20,25,22.5
2/19/2019,23,30,26.5
2/20/2019,25,30,27.5
2/21/2019,30,35,32.5
2/22/2019,30,35,32.5
2/23/2019,30,35,32.5
2/24/2019,30,35,32.5
2/25/2019,30,35,32.5
2/26/2019,30,35,32.5
2/27/2019,30,35,32.5
2/28/2019,30,35,32.5
3/1/2019,30,35,32.5
3/2/2019,35,40,37.5
3/3/2019,35,40,37.5
3/5/2019,35,40,37.5
3/6/2019,35,40,37.5
3/7/2019,40,45,42.5
3/8/2019,40,45,42.5
3/9/2019,40,45,42.5
3/10/2019,40,45,42.5
3/11/2019,40,45,42.5
3/12/2019,40,45,42.5
3/13/2019,40,45,42.5
3/14/2019,40,45,42.5
3/15/2019,55,60,57.5
3/16/2019,55,60,57.5
3/17/2019,50,55,52.5
3/18/2019,50,55,52.5
3/19/2019,50,55,52.5
3/20/2019,50,55,52.5
3/21/2019,50,55,52.5
3/22/2019,45,50,47.5
3/23/2019,55,60,57.5
3/24/2019,55,60,57.5
3/25/2019,55,60,57.5
3/26/2019,55,60,57.5
3/27/2019,45,50,47.5
3/28/2019,45,50,47.5
3/29/2019,35,40,37.5
3/30/2019,35,40,37.5
3/31/2019,28,33,30.5
4/1/2019,25,30,27.5
4/2/2019,25,30,27.5
4/3/2019,30,35,32.5
4/4/2019,40,45,42.5
4/5/2019,35,40,37.5
4/6/2019,35,40,37.5
4/7/2019,35,40,37.5
4/8/2019,35,40,37.5
4/9/2019,35,40,37.5
4/10/2019,35,40,37.5
4/11/2019,30,35,32.5
4/12/2019,30,35,32.5
4/13/2019,32,38,35
4/14/2019,30,35,32.5
4/15/2019,35,40,37.5
4/16/2019,30,35,32.5
4/17/2019,30,35,32.5
4/18/2019,35,40,37.5
4/19/2019,35,40,37.5
4/20/2019,40,45,42.5
4/21/2019,40,45,42.5
4/22/2019,40,45,42.5
4/23/2019,40,45,42.5
4/24/2019,38,43,40.5
4/25/2019,38,42,40
4/26/2019,38,40,39
4/27/2019,40,45,42.5
4/28/2019,45,50,47.5
4/29/2019,55,60,57.5
4/30/2019,70,75,72.5
5/1/2019,70,75,72.5
5/2/2019,65,70,67.5
5/3/2019,60,65,62.5
5/4/2019,60,65,62.5
5/5/2019,65,70,67.5
5/6/2019,65,70,67.5
5/7/2019,60,65,62.5
5/8/2019,65,70,67.5
5/9/2019,60,65,62.5
5/10/2019,65,70,67.5
5/11/2019,75,80,77.5
5/12/2019,85,90,87.5
5/13/2019,85,90,87.5
5/14/2019,85,90,87.5
5/15/2019,95,100,97.5
5/16/2019,75,80,77.5
5/17/2019,75,80,77.5
5/18/2019,75,80,77.5
5/19/2019,75,80,77.5
5/20/2019,75,80,77.5
5/21/2019,75,80,77.5
5/22/2019,80,90,85
5/23/2019,75,85,80
5/24/2019,75,80,77.5
5/25/2019,65,78,71.5
5/26/2019,65,75,70
5/27/2019,55,65,60
5/28/2019,55,65,60
5/29/2019,65,75,70
5/30/2019,70,80,75
5/31/2019,65,75,70
6/1/2019,65,70,67.5
6/2/2019,65,75,70
6/3/2019,65,70,67.5
6/4/2019,60,65,62.5
6/5/2019,40,48,44
6/6/2019,40,45,42.5
6/7/2019,40,45,42.5
6/8/2019,45,50,47.5
6/9/2019,40,45,42.5
6/10/2019,40,45,42.5
6/11/2019,40,45,42.5
6/12/2019,40,50,45
6/13/2019,45,50,47.5
6/14/2019,40,45,42.5
6/15/2019,40,45,42.5
6/16/2019,35,40,37.5
6/17/2019,35,40,37.5
6/18/2019,30,35,32.5
6/19/2019,30,35,32.5
6/20/2019,30,35,32.5
6/21/2019,20,25,22.5
6/22/2019,15,20,17.5
6/23/2019,15,20,17.5
6/24/2019,25,30,27.5
6/25/2019,25,30,27.5
6/26/2019,20,25,22.5
6/27/2019,20,25,22.5
6/28/2019,20,25,22.5
6/29/2019,20,25,22.5
6/30/2019,20,25,22.5
7/1/2019,20,25,22.5
7/2/2019,35,40,37.5
7/3/2019,28,34,31
7/4/2019,35,40,37.5
7/5/2019,38,42,40
7/6/2019,35,40,37.5
7/7/2019,40,45,42.5
7/8/2019,38,42,40
7/9/2019,35,40,37.5
7/10/2019,40,45,42.5
7/11/2019,50,55,52.5
7/12/2019,45,50,47.5
7/13/2019,60,66,63
7/14/2019,65,70,67.5
7/15/2019,65,70,67.5
7/16/2019,65,75,70
7/17/2019,70,80,75
7/18/2019,75,80,77.5
7/19/2019,65,70,67.5
7/20/2019,65,70,67.5
7/21/2019,65,70,67.5
7/22/2019,60,65,62.5
7/23/2019,50,60,55
7/24/2019,45,50,47.5
7/25/2019,40,45,42.5
7/26/2019,45,50,47.5
7/27/2019,40,45,42.5
7/28/2019,42,50,46
7/29/2019,45,50,47.5
7/30/2019,50,60,55
7/31/2019,58,62,60
8/1/2019,60,65,62.5
8/2/2019,60,65,62.5
8/3/2019,55,60,57.5
8/4/2019,55,60,57.5
8/5/2019,50,55,52.5
8/6/2019,50,55,52.5
8/7/2019,55,60,57.5
8/8/2019,60,65,62.5
8/9/2019,60,65,62.5
8/10/2019,58,65,61.5
8/11/2019,58,65,61.5
8/12/2019,58,65,61.5
8/13/2019,60,70,65
8/14/2019,60,65,62.5
8/15/2019,75,80,77.5
8/16/2019,75,80,77.5
8/17/2019,75,85,80
8/18/2019,80,86,83
8/19/2019,85,90,87.5
8/20/2019,90,95,92.5
8/21/2019,85,95,90
8/22/2019,80,90,85
8/23/2019,70,80,75
8/24/2019,70,75,72.5
8/25/2019,70,75,72.5
8/26/2019,70,80,75
8/27/2019,55,60,57.5
8/28/2019,50,55,52.5
8/29/2019,45,55,50
8/30/2019,50,55,52.5
8/31/2019,45,50,47.5
9/1/2019,40,50,45
9/2/2019,40,46,43
9/3/2019,40,47,43.5
9/4/2019,34,40,37
9/5/2019,30,35,32.5
9/6/2019,30,35,32.5
9/7/2019,30,35,32.5
9/8/2019,35,40,37.5
9/9/2019,45,50,47.5
9/10/2019,40,45,42.5
9/11/2019,40,45,42.5
9/12/2019,35,40,37.5
9/13/2019,35,40,37.5
9/14/2019,30,35,32.5
9/15/2019,30,35,32.5
9/16/2019,30,35,32.5
9/17/2019,30,35,32.5
9/18/2019,32,40,36
9/19/2019,35,40,37.5
9/20/2019,30,40,35
9/21/2019,35,40,37.5
9/22/2019,40,50,45
9/23/2019,50,57,53.5
9/24/2019,50,55,52.5
9/25/2019,40,50,45
9/26/2019,35,40,37.5
9/27/2019,30,40,35
9/28/2019,30,35,32.5
9/29/2019,35,40,37.5
9/30/2019,35,40,37.5
10/1/2019,35,40,37.5
10/2/2019,35,45,40
10/3/2019,40,45,42.5
10/4/2019,45,50,47.5
10/5/2019,45,50,47.5
10/6/2019,55,60,57.5
10/8/2019,65,70,67.5
10/9/2019,70,75,72.5
10/10/2019,35,40,37.5
10/11/2019,30,35,32.5
10/12/2019,30,35,32.5
10/13/2019,25,30,27.5
10/14/2019,30,35,32.5
10/15/2019,33,38,35.5
10/16/2019,38,45,41.5
10/17/2019,40,45,42.5
10/18/2019,45,50,47.5
10/19/2019,40,45,42.5
10/20/2019,48,53,50.5
10/21/2019,50,55,52.5
10/22/2019,50,60,55
10/23/2019,50,55,52.5
10/24/2019,55,60,57.5
10/25/2019,65,75,70
10/26/2019,75,80,77.5
10/27/2019,80,90,85
10/28/2019,60,70,65
10/29/2019,80,90,85
10/30/2019,115,120,117.5
10/31/2019,80,90,85
11/1/2019,80,90,85
11/2/2019,60,70,65
11/3/2019,60,65,62.5
11/4/2019,80,90,85
11/5/2019,85,90,87.5
11/6/2019,80,90,85
11/7/2019,70,80,75
11/8/2019,60,70,65
11/9/2019,60,70,65
11/10/2019,55,65,60
11/11/2019,45,55,50
11/12/2019,40,50,45
11/13/2019,35,45,40
11/14/2019,35,45,40
11/15/2019,35,45,40
11/16/2019,35,40,37.5
11/17/2019,35,40,37.5
11/18/2019,30,35,32.5
11/19/2019,30,40,35
11/20/2019,30,35,32.5
11/21/2019,30,40,35
11/22/2019,30,35,32.5
11/23/2019,30,40,35
11/24/2019,30,35,32.5
11/25/2019,25,35,30
11/26/2019,25,30,27.5
11/27/2019,20,30,25
11/28/2019,20,25,22.5
11/29/2019,20,28,24
11/30/2019,22,30,26
12/1/2019,30,35,32.5
12/2/2019,30,35,32.5
12/3/2019,30,35,32.5
12/4/2019,30,35,32.5
12/5/2019,35,45,40
12/6/2019,45,50,47.5
12/7/2019,45,50,47.5
12/8/2019,40,45,42.5
12/9/2019,40,50,45
12/10/2019,40,50,45
12/11/2019,35,45,40
12/12/2019,35,40,37.5
12/13/2019,38,45,41.5
12/14/2019,40,50,45
12/15/2019,50,55,52.5
12/16/2019,35,45,40
12/17/2019,30,40,35
12/18/2019,35,40,37.5
12/19/2019,20,30,25
12/20/2019,20,30,25
12/21/2019,20,25,22.5
12/22/2019,30,40,35
12/23/2019,35,40,37.5
12/24/2019,20,30,25
12/25/2019,20,30,25
12/26/2019,30,35,32.5
12/27/2019,20,30,25
12/28/2019,25,30,27.5
12/29/2019,25,30,27.5
12/30/2019,25,30,27.5
12/31/2019,40,45,42.5
1/1/2020,35,45,40
1/2/2020,40,50,45
1/3/2020,43,50,46.5
1/4/2020,45,55,50
1/5/2020,40,50,45
1/6/2020,40,50,45
1/7/2020,35,40,37.5
1/8/2020,35,40,37.5
1/9/2020,20,30,25
1/10/2020,25,35,30
1/11/2020,20,25,22.5
1/12/2020,25,30,27.5
1/13/2020,40,45,42.5
1/14/2020,35,40,37.5
1/15/2020,30,35,32.5
1/16/2020,20,30,25
1/17/2020,20,30,25
1/18/2020,25,30,27.5
1/19/2020,25,30,27.5
1/20/2020,25,30,27.5
1/21/2020,20,25,22.5
1/22/2020,20,30,25
1/23/2020,20,25,22.5
1/24/2020,14,20,17
1/25/2020,15,20,17.5
1/26/2020,20,25,22.5
1/27/2020,25,30,27.5
1/28/2020,15,25,20
1/29/2020,15,25,20
1/30/2020,15,25,20
1/31/2020,20,25,22.5
2/1/2020,15,20,17.5
2/2/2020,15,25,20
2/3/2020,15,20,17.5
2/4/2020,15,20,17.5
2/5/2020,22,25,23.5
2/6/2020,15,20,17.5
2/7/2020,15,20,17.5
2/8/2020,15,20,17.5
2/9/2020,15,20,17.5
2/10/2020,12,20,16
2/11/2020,10,15,12.5
2/12/2020,10,15,12.5
2/13/2020,10,15,12.5
2/14/2020,20,25,22.5
2/15/2020,20,25,22.5
2/16/2020,20,25,22.5
2/17/2020,20,25,22.5
2/18/2020,20,25,22.5
2/19/2020,14,20,17
2/20/2020,15,20,17.5
2/21/2020,12,20,16
2/22/2020,10,15,12.5
2/23/2020,15,20,17.5
2/24/2020,15,20,17.5
2/25/2020,15,20,17.5
2/26/2020,15,20,17.5
2/27/2020,20,25,22.5
2/28/2020,10,15,12.5
2/29/2020,12,20,16
3/1/2020,30,40,35
3/2/2020,25,30,27.5
3/4/2020,25,30,27.5
3/5/2020,25,30,27.5
3/6/2020,30,35,32.5
3/7/2020,40,45,42.5
3/8/2020,30,35,32.5
3/9/2020,25,30,27.5
3/10/2020,25,30,27.5
3/11/2020,25,30,27.5
3/12/2020,25,30,27.5
3/13/2020,30,35,32.5
3/14/2020,30,35,32.5
3/15/2020,35,40,37.5
3/16/2020,35,40,37.5
3/17/2020,35,40,37.5
3/18/2020,35,40,37.5
3/19/2020,35,40,37.5
3/20/2020,35,40,37.5
3/21/2020,35,40,37.5
3/22/2020,50,55,52.5
3/23/2020,55,60,57.5
3/25/2020,50,60,55
3/26/2020,75,80,77.5
3/27/2020,65,70,67.5
3/28/2020,65,70,67.5
3/29/2020,75,80,77.5
3/30/2020,80,85,82.5
3/31/2020,55,60,57.5
4/1/2020,45,50,47.5
4/2/2020,45,50,47.5
4/3/2020,35,40,37.5
4/4/2020,35,40,37.5
4/5/2020,35,40,37.5
4/6/2020,35,40,37.5
4/7/2020,45,50,47.5
4/8/2020,45,50,47.5
4/22/2020,20,25,22.5
4/23/2020,15,20,17.5
4/24/2020,20,25,22.5
4/25/2020,20,25,22.5
4/26/2020,20,25,22.5
4/27/2020,20,25,22.5
4/28/2020,20,25,22.5
4/29/2020,20,25,22.5
4/30/2020,20,25,22.5
5/1/2020,20,25,22.5
5/2/2020,20,25,22.5
5/3/2020,25,30,27.5
5/4/2020,25,30,27.5
5/5/2020,25,30,27.5
5/6/2020,30,35,32.5
5/7/2020,25,30,27.5
5/8/2020,25,30,27.5
5/9/2020,25,30,27.5
5/10/2020,30,35,32.5
5/11/2020,35,40,37.5
5/12/2020,35,40,37.5
5/13/2020,35,40,37.5
5/14/2020,35,40,37.5
5/15/2020,30,35,32.5
5/16/2020,30,35,32.5
5/17/2020,45,50,47.5
5/18/2020,40,45,42.5
5/19/2020,25,35,30
5/20/2020,30,35,32.5
5/22/2020,20,25,22.5
5/23/2020,15,20,17.5
5/24/2020,15,20,17.5
5/25/2020,15,20,17.5
5/26/2020,15,20,17.5
5/27/2020,15,20,17.5
5/28/2020,20,25,22.5
5/29/2020,20,25,22.5
5/30/2020,15,20,17.5
5/31/2020,10,15,12.5
6/1/2020,15,20,17.5
6/2/2020,10,15,12.5
6/3/2020,15,20,17.5
6/4/2020,15,20,17.5
6/5/2020,25,30,27.5
6/6/2020,35,40,37.5
6/7/2020,25,30,27.5
6/8/2020,30,35,32.5
6/9/2020,25,30,27.5
6/10/2020,25,30,27.5
6/11/2020,25,30,27.5
6/12/2020,25,30,27.5
6/13/2020,20,25,22.5
6/14/2020,25,30,27.5
6/15/2020,25,30,27.5
6/16/2020,25,30,27.5
6/17/2020,20,25,22.5
6/18/2020,22,25,23.5
6/19/2020,15,20,17.5
6/20/2020,15,20,17.5
6/21/2020,15,20,17.5
6/22/2020,15,20,17.5
6/23/2020,15,20,17.5
6/24/2020,15,20,17.5
6/25/2020,15,20,17.5
6/26/2020,25,30,27.5
6/27/2020,25,30,27.5
6/28/2020,25,30,27.5
6/29/2020,20,25,22.5
6/30/2020,20,25,22.5
7/1/2020,15,20,17.5
7/2/2020,10,15,12.5
7/3/2020,10,15,12.5
7/4/2020,10,15,12.5
7/5/2020,15,20,17.5
7/6/2020,15,20,17.5
7/7/2020,15,20,17.5
7/8/2020,15,20,17.5
7/9/2020,12,18,15
7/10/2020,12,18,15
7/11/2020,10,15,12.5
7/13/2020,10,15,12.5
7/14/2020,10,15,12.5
7/15/2020,10,15,12.5
7/16/2020,10,15,12.5
7/17/2020,12,18,15
7/18/2020,13,18,15.5
7/19/2020,12,18,15
7/20/2020,12,18,15
7/21/2020,15,20,17.5
7/22/2020,15,20,17.5
7/23/2020,15,20,17.5
7/24/2020,18,22,20
7/25/2020,25,30,27.5
7/26/2020,28,35,31.5
7/27/2020,35,40,37.5
7/28/2020,40,50,45
7/29/2020,40,45,42.5
7/30/2020,45,50,47.5
7/31/2020,45,50,47.5
8/1/2020,40,45,42.5
8/2/2020,40,45,42.5
8/3/2020,45,50,47.5
8/4/2020,40,45,42.5
8/5/2020,40,45,42.5
8/6/2020,40,45,42.5
8/7/2020,35,40,37.5
8/8/2020,35,40,37.5
8/9/2020,34,40,37
8/10/2020,30,35,32.5
8/11/2020,28,33,30.5
8/12/2020,25,30,27.5
8/13/2020,25,30,27.5
8/14/2020,25,30,27.5
8/15/2020,25,30,27.5
8/16/2020,25,30,27.5
8/17/2020,35,40,37.5
8/18/2020,45,50,47.5
8/19/2020,55,60,57.5
8/20/2020,65,70,67.5
8/21/2020,60,65,62.5
8/22/2020,60,65,62.5
8/23/2020,60,65,62.5
8/24/2020,50,60,55
8/25/2020,50,60,55
8/26/2020,40,50,45
8/27/2020,50,55,52.5
8/28/2020,75,80,77.5
8/29/2020,75,80,77.5
8/30/2020,70,75,72.5
8/31/2020,65,70,67.5
9/1/2020,45,50,47.5
9/2/2020,50,55,52.5
9/3/2020,50,60,55
9/4/2020,50,60,55
9/5/2020,50,60,55
9/6/2020,50,60,55
9/7/2020,45,50,47.5
9/8/2020,45,50,47.5
9/9/2020,40,45,42.5
9/10/2020,40,45,42.5
9/11/2020,40,45,42.5
9/12/2020,50,55,52.5
9/13/2020,50,60,55
9/14/2020,70,75,72.5
9/15/2020,75,80,77.5
9/16/2020,75,80,77.5
9/17/2020,90,100,95
9/18/2020,95,100,97.5
9/19/2020,80,85,82.5
9/20/2020,85,90,87.5
9/21/2020,80,85,82.5
9/22/2020,80,90,85
9/23/2020,80,85,82.5
9/24/2020,80,85,82.5
9/25/2020,85,90,87.5
9/26/2020,75,80,77.5
9/27/2020,65,70,67.5
9/28/2020,75,85,80
9/29/2020,90,95,92.5
9/30/2020,70,75,72.5
10/1/2020,60,65,62.5
10/2/2020,45,50,47.5
10/3/2020,45,50,47.5
10/4/2020,45,50,47.5
10/5/2020,35,40,37.5
10/6/2020,35,40,37.5
10/7/2020,35,40,37.5
10/8/2020,35,40,37.5
10/9/2020,40,45,42.5
10/10/2020,40,45,42.5
10/11/2020,45,50,47.5
10/12/2020,65,70,67.5
10/13/2020,75,80,77.5
10/14/2020,60,70,65
10/15/2020,55,60,57.5
10/16/2020,65,70,67.5
10/17/2020,60,70,65
10/18/2020,60,65,62.5
10/19/2020,55,60,57.5
10/20/2020,60,65,62.5
10/21/2020,70,80,75
10/22/2020,75,85,80
10/23/2020,70,80,75
10/24/2020,75,85,80
10/25/2020,100,115,107.5
10/26/2020,90,100,95
10/27/2020,70,80,75
10/28/2020,60,65,62.5
10/29/2020,45,55,50
10/30/2020,45,50,47.5
10/31/2020,50,55,52.5
11/1/2020,55,60,57.5
11/2/2020,45,55,50
11/3/2020,42,50,46
11/4/2020,55,62,58.5
11/5/2020,50,55,52.5
11/6/2020,42,50,46
11/7/2020,40,45,42.5
11/8/2020,35,40,37.5
11/9/2020,38,45,41.5
11/10/2020,35,42,38.5
11/11/2020,40,45,42.5
11/12/2020,42,50,46
11/13/2020,40,45,42.5
11/14/2020,35,40,37.5
11/15/2020,35,40,37.5
11/16/2020,40,50,45
11/17/2020,45,50,47.5
11/18/2020,50,60,55
11/19/2020,50,55,52.5
11/20/2020,40,45,42.5
11/21/2020,35,40,37.5
11/22/2020,30,40,35
11/23/2020,40,45,42.5
11/24/2020,40,45,42.5
11/25/2020,40,50,45
11/26/2020,40,50,45
11/27/2020,45,55,50
11/28/2020,45,52,48.5
11/29/2020,35,40,37.5
11/30/2020,40,45,42.5
12/1/2020,45,55,50
12/2/2020,48,55,51.5
12/3/2020,50,55,52.5
12/4/2020,45,55,50
12/5/2020,45,55,50
12/6/2020,45,50,47.5
12/7/2020,45,55,50
12/8/2020,45,55,50
12/9/2020,50,55,52.5
12/10/2020,55,65,60
12/11/2020,45,52,48.5
12/12/2020,50,55,52.5
12/13/2020,40,50,45
12/14/2020,35,45,40
12/15/2020,35,45,40
12/16/2020,35,40,37.5
12/17/2020,30,40,35
12/18/2020,30,40,35
12/19/2020,40,50,45
12/20/2020,40,50,45
12/21/2020,35,45,40
12/22/2020,40,50,45
12/23/2020,35,45,40
12/24/2020,45,55,50
12/25/2020,40,50,45
12/26/2020,45,55,50
12/27/2020,45,55,50
12/28/2020,50,55,52.5
12/29/2020,45,50,47.5
12/30/2020,45,50,47.5
12/31/2020,40,45,42.5
1/1/2021,40,45,42.5
1/2/2021,30,40,35
1/3/2021,35,40,37.5
1/4/2021,30,40,35
1/5/2021,30,35,32.5
1/6/2021,35,45,40
1/7/2021,30,40,35
1/8/2021,25,35,30
1/9/2021,15,25,20
1/10/2021,10,15,12.5
1/11/2021,12,18,15
1/12/2021,15,25,20
1/13/2021,15,25,20
1/14/2021,15,20,17.5
1/15/2021,15,20,17.5
1/16/2021,20,30,25
1/17/2021,15,20,17.5
1/18/2021,15,20,17.5
1/19/2021,12,18,15
1/20/2021,12,18,15
1/21/2021,10,20,15
1/22/2021,10,20,15
1/23/2021,10,20,15
1/24/2021,15,20,17.5
1/25/2021,14,18,16
1/26/2021,18,22,20
1/27/2021,20,25,22.5
1/28/2021,20,25,22.5
1/29/2021,12,20,16
1/30/2021,15,20,17.5
1/31/2021,15,20,17.5
2/1/2021,15,20,17.5
2/2/2021,12,20,16
2/3/2021,15,20,17.5
2/6/2021,15,20,17.5
2/7/2021,15,20,17.5
2/8/2021,15,20,17.5
2/9/2021,12,20,16
2/10/2021,15,20,17.5
2/11/2021,15,25,20
2/12/2021,12,16,14
2/13/2021,12,20,16
2/14/2021,15,20,17.5
2/15/2021,15,20,17.5
2/16/2021,15,20,17.5
2/17/2021,15,20,17.5
2/18/2021,15,20,17.5
2/19/2021,10,15,12.5
2/20/2021,8,15,11.5
2/21/2021,8,15,11.5
2/22/2021,10,15,12.5
2/23/2021,10,15,12.5
2/24/2021,15,20,17.5
2/25/2021,15,20,17.5
2/26/2021,15,20,17.5
2/27/2021,15,20,17.5
2/28/2021,15,20,17.5
3/1/2021,8,12,10
3/2/2021,10,15,12.5
3/3/2021,10,15,12.5
3/5/2021,12,15,13.5
3/6/2021,15,20,17.5
3/7/2021,15,20,17.5
3/8/2021,10,15,12.5
3/9/2021,10,15,12.5
3/10/2021,20,25,22.5
3/11/2021,20,25,22.5
3/12/2021,20,25,22.5
3/13/2021,15,20,17.5
3/14/2021,20,25,22.5
3/15/2021,25,30,27.5
3/16/2021,25,30,27.5
3/17/2021,15,20,17.5
3/18/2021,15,20,17.5
3/19/2021,25,30,27.5
3/20/2021,20,25,22.5
3/21/2021,20,25,22.5
3/22/2021,40,50,45
3/23/2021,40,50,45
3/24/2021,40,50,45
3/25/2021,30,40,35
3/26/2021,30,40,35
3/27/2021,40,50,45
3/28/2021,40,50,45
3/29/2021,45,50,47.5
3/30/2021,45,50,47.5
3/31/2021,45,50,47.5
4/1/2021,30,40,35
4/2/2021,30,40,35
4/3/2021,35,45,40
4/4/2021,45,50,47.5
4/5/2021,30,40,35
4/6/2021,30,35,32.5
4/7/2021,30,40,35
4/8/2021,30,40,35
4/9/2021,30,40,35
4/10/2021,30,40,35
4/11/2021,25,35,30
4/12/2021,25,35,30
4/13/2021,20,25,22.5
4/14/2021,20,25,22.5
4/15/2021,15,20,17.5
4/16/2021,15,20,17.5
4/17/2021,12,16,14
4/18/2021,15,20,17.5
4/19/2021,10,15,12.5
4/20/2021,10,15,12.5
4/21/2021,15,20,17.5
4/22/2021,10,15,12.5
4/23/2021,14,18,16
4/24/2021,10,15,12.5
4/25/2021,15,20,17.5
4/26/2021,10,15,12.5
4/27/2021,10,15,12.5
4/28/2021,15,20,17.5
4/29/2021,30,40,35
4/30/2021,20,25,22.5
5/1/2021,20,25,22.5
5/2/2021,25,30,27.5
5/3/2021,15,20,17.5
5/4/2021,10,15,12.5
5/5/2021,10,15,12.5
5/6/2021,10,15,12.5
5/7/2021,15,20,17.5
5/8/2021,10,15,12.5
5/9/2021,10,15,12.5
5/10/2021,10,15,12.5
5/11/2021,10,15,12.5
5/12/2021,30,35,32.5
5/13/2021,35,40,37.5
1/1/2023,3.3,12,7.65
2/1/2023,8,17,12.5
3/1/2023,10,9.33,9.665
4/1/2023,7.33,14,10.665
5/1/2023,10,12,11
6/1/2023,12,8,10
7/1/2023,8,14,11
8/1/2023,7,12,9.5
9/1/2023,8,10,9
10/1/2023,8,22,15
11/1/2023,12,8,10
12/1/2023,5,10,7.5
13/01/2023,5,14,9.5
14/01/2023,10,12,11
15/01/2023,10,9,9.5
16/01/2023,6,17,11.5
17/01/2023,9,22,15.5
18/01/2023,20,6,13
19/01/2023,8,16,12
20/01/2023,12,8,10
21/01/2023,6,10,8
22/01/2023,10,22,16
23/01/2023,12,13.33,12.665
24/01/2023,7.33,12,9.665
25/01/2023,4,16,10
26/01/2023,8,10,9
27/01/2023,18,16,17
28/01/2023,4,22,13
29/01/2023,12,18,15
30/01/2023,4,22,13
31/01/2023,10,25,17.5
1/2/2023,12.5,20,16.25
2/2/2023,8,15,11.5
3/2/2023,10,16,13
4/2/2023,10,15,12.5
5/2/2023,15,16.84,15.92
6/2/2023,12.84,18,15.42
7/2/2023,17,18.7,17.85
8/2/2023,4,20,12
9/2/2023,10,16,13
10/2/2023,14,25,19.5
11/2/2023,15,27.5,21.25
12/2/2023,17.5,25,21.25
13/02/2023,25,28,26.5
14/02/2023,20,33,26.5
15/02/2023,25,19.61,22.305
16/02/2023,19.61,20,19.805
17/02/2023,20,24,22
18/02/2023,6,10,8
19/02/2023,10,35,22.5
20/02/2023,25,27,26
21/02/2023,20,30,25
22/02/2023,30,18,24
23/02/2023,5.3,25,15.15
24/02/2023,15,20,17.5
25/02/2023,12,10,11
26/02/2023,10,25,17.5
27/02/2023,18,23,20.5
28/02/2023,21,23,22
1/3/2023,21,20,20.5
2/3/2023,10,28,19
3/3/2023,24,60,42
4/3/2023,50,20.8,35.4
5/3/2023,18.8,17.5,18.15
6/3/2023,5.5,9,7.25
7/3/2023,3.33,20,11.665
8/3/2023,10,18,14
9/3/2023,10,15,12.5
10/3/2023,11,14,12.5
11/3/2023,4,24,14
12/3/2023,22,16,19
13/03/2023,8,12,10
14/03/2023,3,27,15
15/03/2023,24,12,18
16/03/2023,3,12.5,7.75
17/03/2023,8,24,16
18/03/2023,21,8,14.5
19/03/2023,2,16.96,9.48
20/03/2023,12.96,12.2,12.58
21/03/2023,12.2,13.3,12.75
22/03/2023,3.3,16.52,9.91
23/03/2023,12.52,10,11.26
24/03/2023,5,17.84,11.42
25/03/2023,13.84,10,11.92
26/03/2023,10,7,8.5
27/03/2023,3,8,5.5
28/03/2023,4,17.29,10.645
29/03/2023,13.29,8,10.645
30/03/2023,4,10.41,7.205
31/03/2023,7.57,9.3,8.435
1/4/2023,3.3,12.06,7.68
2/4/2023,10.06,8,9.03
3/4/2023,4,8,6
4/4/2023,3,10.92,6.96
5/4/2023,8.92,6,7.46
6/4/2023,3,9,6
7/4/2023,6,8,7
8/4/2023,2,7,4.5
9/4/2023,5,7.3,6.15
10/4/2023,2.6,6,4.3
11/4/2023,4,8,6
12/4/2023,3.3,7,5.15
13/04/2023,3,6.7,4.85
14/04/2023,3,8,5.5
15/04/2023,5,6.7,5.85
16/04/2023,3.3,12.72,8.01
17/04/2023,8.72,10,9.36
18/04/2023,5,12.27,8.635
19/04/2023,10.27,6,8.135
20/04/2023,4,8,6
21/04/2023,4,6.7,5.35
22/04/2023,3,10,6.5
23/04/2023,10,15,12.5
24/04/2023,8,16,12
25/04/2023,14,10,12
26/04/2023,6,6,6
27/04/2023,3,6,4.5
28/04/2023,4,8,6
29/04/2023,3,10.41,6.705
30/04/2023,7.69,8,7.845
1/5/2023,4,14,9
2/5/2023,12,6.6,9.3
3/5/2023,2,5,3.5
4/5/2023,3,8,5.5
5/5/2023,4,15,9.5
6/5/2023,4,7,5.5
7/5/2023,3,10,6.5
8/5/2023,2,5,3.5
9/5/2023,4,15,9.5
10/5/2023,10,12,11
11/5/2023,8,14,11
12/5/2023,4,12,8
13/05/2023,4,10,7
14/05/2023,10,11,10.5
15/05/2023,9,12,10.5
16/05/2023,4,14,9
17/05/2023,8,14,11
18/05/2023,10,10,10
19/05/2023,4,15.29,9.645
20/05/2023,13.29,10.7,11.995
21/05/2023,3,42.1,22.55
22/05/2023,32,15,23.5
23/05/2023,12,14,13
24/05/2023,10,12.5,11.25
25/05/2023,7.5,13.3,10.4
26/05/2023,3.3,16,9.65
27/05/2023,14,12,13
28/05/2023,10,16,13
29/05/2023,15,16,15.5
30/05/2023,12,18,15
31/05/2023,14,16.37,15.185
1/6/2023,12.37,21.05,16.71
2/6/2023,18.45,21.09,19.77
3/6/2023,16.09,14,15.045
4/6/2023,10,16,13
5/6/2023,4,28,16
6/6/2023,20,24,22
7/6/2023,16,23,19.5
8/6/2023,19,18,18.5
9/6/2023,4,27,15.5
10/6/2023,5,22,13.5
11/6/2023,18,24.03,21.015
12/6/2023,20.03,23,21.515
13/06/2023,19,23,21
14/06/2023,18,36,27
15/06/2023,30,45,37.5
16/06/2023,30,45,37.5
17/06/2023,30,30,30
18/06/2023,10,45,27.5
19/06/2023,35,28,31.5
20/06/2023,26,34.05,30.025
21/06/2023,30.05,45,37.525
22/06/2023,30,36,33
23/06/2023,20,66.7,43.35
24/06/2023,20,66.7,43.35
25/06/2023,20,90,55
26/06/2023,80,76.67,78.335
27/06/2023,16.67,60,38.335
28/06/2023,55,70,62.5
29/06/2023,50,80,65
30/06/2023,60,100,80
1/7/2023,60,80,70
2/7/2023,20,93.3,56.65
3/7/2023,23.3,100,61.65
4/7/2023,80,90,85
5/7/2023,70,100,85
6/7/2023,70,100,85
7/7/2023,80,80,80
8/7/2023,70,80,75
9/7/2023,13.3,100,56.65
10/7/2023,80,90,85
11/7/2023,70,120,95
12/7/2023,26.6,100,63.3
13/07/2023,80,74,77
14/07/2023,72,69.07,70.535
15/07/2023,67.07,60,63.535
16/07/2023,55,88,71.5
17/07/2023,60,78.78,69.39
18/07/2023,76.78,100,88.39
19/07/2023,80,105,92.5
20/07/2023,95,96,95.5
21/07/2023,86,120,103
22/07/2023,80,60,70
23/07/2023,50,78.78,64.39
24/07/2023,74.78,96,85.39
25/07/2023,86,91.72,88.86
26/07/2023,89.72,85,87.36
27/07/2023,70,98.94,84.47
28/07/2023,94.94,110,102.47
29/07/2023,9,146.67,77.835
30/07/2023,53.33,100,76.665
31/07/2023,99,115,107
1/8/2023,75,110,92.5
2/8/2023,90,900,495
3/8/2023,88,100,94
4/8/2023,35,90,62.5
5/8/2023,70,60,65
6/8/2023,10,55,32.5
7/8/2023,53,80,66.5
8/8/2023,30,64,47
9/8/2023,40,60,50
10/8/2023,40,97,68.5
11/8/2023,63,70,66.5
12/8/2023,40,57,48.5
13/08/2023,20,60,40
14/08/2023,55,45,50
15/08/2023,30,39.69,34.845
16/08/2023,39.69,40,39.845
17/08/2023,30,25,27.5
18/08/2023,18,34,26
19/08/2023,16.7,33.33,25.015
20/08/2023,8,32,20
21/08/2023,8,25,16.5
22/08/2023,12.5,20,16.25
23/08/2023,3.33,25,14.165
24/08/2023,18,25,21.5
25/08/2023,15,7,11
26/08/2023,4,22,13
26/08/2023,10,20,15
27/08/2023,4,12,8
29/08/2023,10,20,15
30/08/2023,5.33,17.5,11.415
31/08/2023,10,24,17
1/9/2023,20,23,21.5
2/9/2023,15,16,15.5
3/9/2023,3,15,9
4/9/2023,10,25,17.5
5/9/2023,25,25,25
6/9/2023,20,10,15
7/9/2023,5,10,7.5
8/9/2023,5,6,5.5
9/9/2023,2.5,10,6.25
10/9/2023,6,10.21,8.105
11/9/2023,8.21,8.5,8.355
12/9/2023,3.5,10,6.75
13/09/2023,2,25,13.5
14/09/2023,25,10,17.5
15/09/2023,6,8,7
16/09/2023,4,25,14.5
17/09/2023,25,11,18
18/09/2023,10,25,17.5
19/09/2023,25,8.6,16.8
20/09/2023,2,8,5
21/09/2023,3,6,4.5
22/09/2023,5,10,7.5
23/09/2023,5,9,7
24/09/2023,4,6.67,5.335
25/09/2023,2.67,15,8.835
27/09/2023,15,10,12.5
28/09/2023,9,15,12
28/09/2023,8,8,8
29/09/2023,5,6.67,5.835
30/09/2023,2.67,10,6.335
2/10/2023,10,6,8
3/10/2023,4,10,7
4/10/2023,5,10,7.5
5/10/2023,5,5,5
5/10/2023,3.3,9.33,6.315
6/10/2023,3.33,8,5.665
7/10/2023,4,10,7
8/10/2023,10,7,8.5
9/10/2023,3,5,4
10/10/2023,1.5,10,5.75
11/10/2023,8,8,8
12/10/2023,5,8,6.5
13/10/2023,6,12.7,9.35
14/10/2023,3.3,7,5.15
15/10/2023,2,13.3,7.65
16/10/2023,3.3,7.5,5.4
17/10/2023,3.5,8,5.75
18/10/2023,2,8,5
18/10/2023,7,10,8.5
18/10/2023,4,8,6
19/10/2023,3,6,4.5
20/10/2023,3,8,5.5
21/10/2023,5,6,5.5
22/10/2023,4,4.5,4.25
23/10/2023,3,17,10
24/10/2023,15,6,10.5
25/10/2023,4,15,9.5
26/10/2023,10,30,20
27/10/2023,20,26.7,23.35
28/10/2023,3.3,26.7,15
29/10/2023,3.3,18,10.65
30/10/2023,17,22,19.5
31/10/2023,15,15,15
1/11/2023,5,22,13.5
2/11/2023,19,26,22.5
3/11/2023,16,16,16
4/11/2023,5,30,17.5
5/11/2023,15,14,14.5
6/11/2023,10,18.51,14.255
7/11/2023,16.66,25,20.83
8/11/2023,4,26,15
9/11/2023,3,35,19
10/11/2023,17.5,18,17.75
11/11/2023,15,10,12.5
12/11/2023,10,27,18.5
13/11/2023,5,30,17.5
14/11/2023,20,32,26
15/11/2023,3.3,32.5,17.9
16/11/2023,17.5,15,16.25
17/11/2023,8,40,24
18/11/2023,36,42,39
19/11/2023,30,10,20
20/11/2023,8,23,15.5
21/11/2023,5,23,14
22/11/2023,21,28,24.5
23/11/2023,6.67,18,12.335
24/11/2023,5,27.95,16.475
25/11/2023,23.95,26,24.975
26/11/2023,15,26,20.5
27/11/2023,5,26,15.5
28/11/2023,15,33,24
29/11/2023,28,30,29
30/11/2023,20,30,25
